name,price,original_price,rating,reviews_count,description,attributes,quantity,image_url,product_url,sku,brand,category,in_stock,unit,source
Hellstar Jeans Raw Edge Airbrushed Jeans,$119.00,$220.00,,,,,,https://officialhellstar.com/wp-content/uploads/2025/10/Hellstar-Raw-Edge-Airbrushed-Jeans-300x300.avif,https://officialhellstar.com/hellstar-jeans-raw-edge-airbrushed-jeans/,,Hellstar,Jeans,In Stock,,officialhellstar.com
Hellstar Ski Mask White,$139.00,$279.00,,,,,,https://officialhellstar.com/wp-content/uploads/2025/10/Hellstar-Ski-Mask-White-–-Wilsons-Stuff.png,https://officialhellstar.com/hellstar-ski-mask-white/,,Hellstar,Ski Mask,In Stock,,officialhellstar.com
Hellstar Paradise To Path Jacket,$299.99,$400.00,,,,,,https://officialhellstar.com/wp-content/uploads/2025/10/Hellstar-Path-To-Paradise-Jacket1.webp,https://officialhellstar.com/hellstar-paradise-to-path-jacket/,,Hellstar,Jacket,In Stock,,officialhellstar.com
Hellstar Black Ski Mask Bundle Logo,$139.00,$279.00,,,,,,https://officialhellstar.com/wp-content/uploads/2025/10/Hellstar-Black-White-Bundle-Logo-Ski-Mask-Shiesty-Balaclava.png,https://officialhellstar.com/hellstar-black-ski-mask-bundle-logo/,,Hellstar,Ski Mask,In Stock,,officialhellstar.com
Hellstar Thriller Red Track Jacket,$299.99,$400.00,,,,,,https://officialhellstar.com/wp-content/uploads/2025/10/Hellstar-Thriller-Red-Track-Jacket.jpg,https://officialhellstar.com/hellstar-thriller-red-track-jacket/,,Hellstar,Jacket,In Stock,,officialhellstar.com
Hellstar Track Thriller Jacket,$299.99,$400.00,,,,,,https://officialhellstar.com/wp-content/uploads/2025/10/Hellstar-Thriller-Track-Jacket.jpg,https://officialhellstar.com/hellstar-track-thriller-jacket/,,Hellstar,Jacket,In Stock,,officialhellstar.com
A2 Leather Jacket,$299.99,$400.00,,,,,,https://officialhellstar.com/wp-content/uploads/2025/10/A2-Leather-Jacket.jpg,https://officialhellstar.com/a2-leather-jacket/,,Hellstar,Jacket,In Stock,,officialhellstar.com
All Leather Star Jacket,$299.99,$400.00,,,,,,https://officialhellstar.com/wp-content/uploads/2025/10/All-Star-Leather-Jacket.jpg,https://officialhellstar.com/all-leather-star-jacket/,,Hellstar,Jacket,In Stock,,officialhellstar.com
Hellstar Capsule 7 Varsity  Green Jacket,$299.99,$400.00,,,,,,https://officialhellstar.com/wp-content/uploads/2025/10/Hellstar-Capsule-7-Varsity-Jacket-Green.png,https://officialhellstar.com/hellstar-capsule-7-varsity-green-jacket/,,Hellstar,Jacket,In Stock,,officialhellstar.com
Hellstar Leather  Icon Jacket,$299.99,$400.00,,,,,,https://officialhellstar.com/wp-content/uploads/2025/10/Hellstar-Icon-Leather-Jacket.jpg,https://officialhellstar.com/hellstar-leather-icon-jacket/,,Hellstar,Jacket,In Stock,,officialhellstar.com
Hellstar Records Werewolf Jacket,$299.99,$400.00,,,,,,https://officialhellstar.com/wp-content/uploads/2025/10/Hellstar-Jacket-Records-Werewolf.jpg,https://officialhellstar.com/hellstar-records-werewolf-jacket/,,Hellstar,Jacket,In Stock,,officialhellstar.com
Hellstar Thriller Track Red Jacket,$299.99,$400.00,,,,,,https://officialhellstar.com/wp-content/uploads/2025/10/Hellstar-Thriller-Track-Jacket-Red.png,https://officialhellstar.com/hellstar-thriller-track-red-jacket/,,Hellstar,Jacket,In Stock,,officialhellstar.com
Hellstar Beanie White logo,$70.00,$100.00,,,,,,https://officialhellstar.com/wp-content/uploads/2025/10/Hellstar-Beanie-White0.webp,https://officialhellstar.com/hellstar-beanie-white-logo/,,Hellstar,Beanie,In Stock,,officialhellstar.com
Hellstar Grey Flame Beanie,$70.00,$100.00,,,,,,https://officialhellstar.com/wp-content/uploads/2025/10/Hellstar-Flame-Beanie-Grey.webp,https://officialhellstar.com/hellstar-grey-flame-beanie/,,Hellstar,Beanie,In Stock,,officialhellstar.com
Hellstar White Beanie,$70.00,$100.00,,,,,,https://officialhellstar.com/wp-content/uploads/2025/10/Hellstar-Beanie-White.webp,https://officialhellstar.com/hellstar-white-beanie/,,Hellstar,Beanie,In Stock,,officialhellstar.com
Hellstar Black Beanie,$70.00,$100.00,,,,,,https://officialhellstar.com/wp-content/uploads/2025/10/Hellstar-Beanie-Black.webp,https://officialhellstar.com/hellstar-black-beanie/,,Hellstar,Beanie,In Stock,,officialhellstar.com
Red Hellstar Sparkle Hat,$99.00,$135.00,,,,,,https://officialhellstar.com/wp-content/uploads/2025/09/Red-Hellstar-Sparkle-Hat.jpg,https://officialhellstar.com/red-hellstar-sparkle-hat/,,Hellstar,Hat,In Stock,,officialhellstar.com
Red Hellstar NY Snapback Hat,$99.00,$135.00,,,,,,https://officialhellstar.com/wp-content/uploads/2025/09/Red-Hellstar-NY-Snapback-Hat.jpg,https://officialhellstar.com/red-hellstar-ny-snapback-hat/,,Hellstar,Hat,In Stock,,officialhellstar.com
Navy Hellstar Snapback Hat,$99.00,$135.00,,,,,,https://officialhellstar.com/wp-content/uploads/2025/09/Navy-Hellstar-Snapback-Hat.jpg,https://officialhellstar.com/navy-hellstar-snapback-hat/,,Hellstar,Hat,In Stock,,officialhellstar.com
Navy Hellstar Fitted 59Fifty Hat,$99.00,$135.00,,,,,,https://officialhellstar.com/wp-content/uploads/2025/09/Navy-Hellstar-Fitted-59Fifty-Hat.jpg,https://officialhellstar.com/navy-hellstar-fitted-59fifty-hat/,,Hellstar,Hat,In Stock,,officialhellstar.com
Hellstar Trucker Snapback Hat,$99.00,$135.00,,,,,,https://officialhellstar.com/wp-content/uploads/2025/09/Hellstar-Trucker-Snapback-Hat.jpg,https://officialhellstar.com/hellstar-trucker-snapback-hat/,,Hellstar,Hat,In Stock,,officialhellstar.com
Red Hellstar Hat,$99.00,$135.00,,,,,,https://officialhellstar.com/wp-content/uploads/2025/09/Red-Hellstar-Hat.jpg,https://officialhellstar.com/red-hellstar-hat/,,Hellstar,Hat,In Stock,,officialhellstar.com
Hellstar OG Patch Fitted Hat,$99.00,$135.00,,,,,,https://officialhellstar.com/wp-content/uploads/2025/09/Hellstar-OG-Patch-Fitted-Hat.jpg,https://officialhellstar.com/hellstar-og-patch-fitted-hat/,,Hellstar,Hat,In Stock,,officialhellstar.com
Hellstar Graffiti Hat,$99.00,$135.00,,,,,,https://officialhellstar.com/wp-content/uploads/2025/09/Hellstar-Graffiti-Hat.jpg,https://officialhellstar.com/hellstar-graffiti-hat/,,Hellstar,Hat,In Stock,,officialhellstar.com
Hellstar Flame Vintage Hat,$99.00,$135.00,,,,,,https://officialhellstar.com/wp-content/uploads/2025/09/Hellstar-Flame-Vintage-Hat.jpg,https://officialhellstar.com/hellstar-flame-vintage-hat/,,Hellstar,Hat,In Stock,,officialhellstar.com
Hellstar 59Fifty Hat,$99.00,$135.00,,,,,,https://officialhellstar.com/wp-content/uploads/2025/09/Hellstar-59Fifty-Hat.jpg,https://officialhellstar.com/hellstar-59fifty-hat/,,Hellstar,Hat,In Stock,,officialhellstar.com
Grey Hellstar Snapback Hat,$99.00,$135.00,,,,,,https://officialhellstar.com/wp-content/uploads/2025/09/Grey-Hellstar-Snapback-Hat.jpg,https://officialhellstar.com/grey-hellstar-snapback-hat/,,Hellstar,Hat,In Stock,,officialhellstar.com
Grey Hellstar Hat,$99.00,$135.00,,,,,,https://officialhellstar.com/wp-content/uploads/2025/09/Grey-Hellstar-Hat.jpg,https://officialhellstar.com/grey-hellstar-hat/,,Hellstar,Hat,In Stock,,officialhellstar.com
Grey Hellstar Fitted 59Fifty Hat,$99.00,$135.00,,,,,,https://officialhellstar.com/wp-content/uploads/2025/09/Grey-Hellstar-Fitted-59Fifty-Hat.jpg,https://officialhellstar.com/grey-hellstar-fitted-59fifty-hat/,,Hellstar,Hat,In Stock,,officialhellstar.com
Green Hellstar Records Hat,$99.00,$135.00,,,,,,https://officialhellstar.com/wp-content/uploads/2025/09/Green-Hellstar-Records-Hat.jpg,https://officialhellstar.com/green-hellstar-records-hat/,,Hellstar,Hat,In Stock,,officialhellstar.com
Green Hellstar Paintbrush Hat,$99.00,$135.00,,,,,,https://officialhellstar.com/wp-content/uploads/2025/09/Green-Hellstar-Paintbrush-Hat.jpg,https://officialhellstar.com/green-hellstar-paintbrush-hat/,,Hellstar,Hat,In Stock,,officialhellstar.com
Green Hellstar Hat,$99.00,$135.00,,,,,,https://officialhellstar.com/wp-content/uploads/2025/09/Green-Hellstar-Hat.jpg,https://officialhellstar.com/green-hellstar-hat/,,Hellstar,Hat,In Stock,,officialhellstar.com
Green Hellstar Baseball Hat,$99.00,$135.00,,,,,,https://officialhellstar.com/wp-content/uploads/2025/09/Green-Hellstar-Baseball-Hat.jpg,https://officialhellstar.com/green-hellstar-baseball-hat/,,Hellstar,Hat,In Stock,,officialhellstar.com
Blue Hellstar Records Hat,$99.00,$135.00,,,,,,https://officialhellstar.com/wp-content/uploads/2025/09/Blue-Hellstar-Records-Hat.jpg,https://officialhellstar.com/blue-hellstar-records-hat/,,Hellstar,Hat,In Stock,,officialhellstar.com
Blue Hellstar OG Logo Snapback Hat,$99.00,$135.00,,,,,,https://officialhellstar.com/wp-content/uploads/2025/09/Blue-Hellstar-OG-Logo-Snapback-Hat.jpg,https://officialhellstar.com/blue-hellstar-og-logo-snapback-hat/,,Hellstar,Hat,In Stock,,officialhellstar.com
Black Hellstar Hat,$99.00,$135.00,,,,,,https://officialhellstar.com/wp-content/uploads/2025/09/Black-Hellstar-Hat.jpg,https://officialhellstar.com/black-hellstar-hat/,,Hellstar,Hat,In Stock,,officialhellstar.com
Best Hellstar Baseball Hat,$99.00,$135.00,,,,,,https://officialhellstar.com/wp-content/uploads/2025/09/Best-Hellstar-Baseball-Hat.jpg,https://officialhellstar.com/best-hellstar-baseball-hat/,,Hellstar,Hat,In Stock,,officialhellstar.com
Black Hellstar Goggles Shirt,$99.00,$170.00,,,,,,https://officialhellstar.com/wp-content/uploads/2025/03/Black-Hellstar-Goggles-T-shirt.webp,https://officialhellstar.com/black-hellstar-goggles-shirt/,,Hellstar,Shirt,In Stock,,officialhellstar.com
Black Hellstar Graphic T-Shirt,$99.00,$170.00,,,,,,https://officialhellstar.com/wp-content/uploads/2024/08/Hellstar-Graphic-Black-T-Shirt.webp,https://officialhellstar.com/black-hellstar-graphic-t-shirt/,,Hellstar,Shirt,In Stock,,officialhellstar.com
Brown Hellstar Graphic T-Shirt,$99.00,$170.00,,,,,,https://officialhellstar.com/wp-content/uploads/2024/08/Hellstar-Graphic-Brown-T-Shirt.webp,https://officialhellstar.com/brown-hellstar-graphic-t-shirt/,,Hellstar,Shirt,In Stock,,officialhellstar.com
Hellstar Graphic Red Shirt,$99.00,$170.00,,,,,,https://officialhellstar.com/wp-content/uploads/2024/08/Hellstar-Graphic-Red-T-Shirt.webp,https://officialhellstar.com/hellstar-graphic-red-shirt/,,Hellstar,Shirt,In Stock,,officialhellstar.com
Best Hellstar Grey And Pink Hoodie,$169.00,$260.00,,,,,,https://officialhellstar.com/wp-content/uploads/2025/05/Hellstar-Grey-And-Pink-Hoodie.webp,https://officialhellstar.com/best-hellstar-grey-and-pink-hoodie/,,Hellstar,Hoodie,In Stock,,officialhellstar.com
Hellstar God Speed Shirt,$99.00,$170.00,,,,,,https://officialhellstar.com/wp-content/uploads/2025/03/Hellstar-God-Speed-T-Shirt.webp,https://officialhellstar.com/hellstar-god-speed-shirt/,,Hellstar,Shirt,In Stock,,officialhellstar.com
Hellstar Glitter P2P T-shirt,$99.00,$170.00,,,,,,https://officialhellstar.com/wp-content/uploads/2025/07/Hellstar-Glitter-P2P-T-shirt-Black.webp,https://officialhellstar.com/hellstar-glitter-p2p-t-shirt/,,Hellstar,Shirt,In Stock,,officialhellstar.com
Hoodie Hellstar For Men’s,$150.00,$250.00,,,,,,https://officialhellstar.com/wp-content/uploads/2025/03/Hellstar-Hoodie-For-Mens.webp,https://officialhellstar.com/hoodie-hellstar-for-mens/,,Hellstar,Hoodie,In Stock,,officialhellstar.com
Hellstar Future Shirt,$99.00,$170.00,,,,,,https://officialhellstar.com/wp-content/uploads/2024/08/Hellstar-Future-T-Shirt.webp,https://officialhellstar.com/hellstar-future-shirt/,,Hellstar,Shirt,In Stock,,officialhellstar.com
If You Don t Like Us Beat Us Tracksuit Hellstar,$245.00,$350.00,,,,,,https://officialhellstar.com/wp-content/uploads/2025/03/Hellstar-If-You-Dont-Like-Us-Beat-Us-Tracksuit.webp,https://officialhellstar.com/if-you-don-t-like-us-beat-us-tracksuit-hellstar/,,Hellstar,Tracksuit,In Stock,,officialhellstar.com
Hellstar Jesus Emblem T-Shirt Yellow,$99.00,$170.00,,,,,,https://officialhellstar.com/wp-content/uploads/2025/03/Hellstar-Jesus-Emblem-Yellow-T-Shirt.webp,https://officialhellstar.com/hellstar-jesus-emblem-t-shirt-yellow/,,Hellstar,Shirt,In Stock,,officialhellstar.com
Red Hellstar Future T-Shirt,$99.00,$170.00,,,,,,https://officialhellstar.com/wp-content/uploads/2024/08/Hellstar-Future-Red-T-Shirt.webp,https://officialhellstar.com/red-hellstar-future-t-shirt/,,Hellstar,Shirt,In Stock,,officialhellstar.com
Kiss Me I Am Hellstar Hoodies,$150.00,$250.00,,,,,,https://officialhellstar.com/wp-content/uploads/2025/03/Hellstar-Kiss-Me-I-Am-Hellstar-Hoodies.webp,https://officialhellstar.com/kiss-me-i-am-hellstar-hoodies/,,Hellstar,Hoodie,In Stock,,officialhellstar.com
Best Hellstar Future Flame Hoodie,$155.00,$260.00,,,,,,https://officialhellstar.com/wp-content/uploads/2024/08/Hellstar-Future-Flame-Hoodie.webp,https://officialhellstar.com/best-hellstar-future-flame-hoodie/,,Hellstar,Hoodie,In Stock,,officialhellstar.com
Long Sleeve Hellstar Shirt,$99.00,$170.00,,,,,,https://officialhellstar.com/wp-content/uploads/2025/05/Hellstar-long-Sleeve-Shirt.webp,https://officialhellstar.com/long-sleeve-hellstar-shirt/,,Hellstar,Shirt,In Stock,,officialhellstar.com
White Hellstar Frankenkid T-shirt,$99.00,$170.00,,,,,,https://officialhellstar.com/wp-content/uploads/2025/07/Hellstar-Frankenkid-T-shirt-White.webp,https://officialhellstar.com/white-hellstar-frankenkid-t-shirt/,,Hellstar,Shirt,In Stock,,officialhellstar.com
Hellstar Love Men & Women T-shirt,$99.00,$170.00,,,,,,https://officialhellstar.com/wp-content/uploads/2025/03/Hellstar-Love-T-shirt-Men-Women.webp,https://officialhellstar.com/hellstar-love-men-women-t-shirt/,,Hellstar,Shirt,In Stock,,officialhellstar.com
Hellstar Neuron Tour Light Blue T-Shirt,$99.00,$170.00,,,,,,https://officialhellstar.com/wp-content/uploads/2025/07/Hellstar-Neuron-Tour-T-Shirt-Light-Blue.webp,https://officialhellstar.com/hellstar-neuron-tour-light-blue-t-shirt/,,Hellstar,Shirt,In Stock,,officialhellstar.com
Hellstar Flame Paradise Short For Unisex,$110.00,$179.00,,,,,,https://officialhellstar.com/wp-content/uploads/2025/03/Hellstar-Flame-Paradise-Shorts-For-Unisex.webp,https://officialhellstar.com/hellstar-flame-paradise-short-for-unisex/,,Hellstar,Shorts,In Stock,,officialhellstar.com
Green Hellstar Flame Flare Sweatpant,$135.00,$200.00,,,,,,https://officialhellstar.com/wp-content/uploads/2024/08/Hellstar-Flame-Flare-Sweatpants-Green.webp,https://officialhellstar.com/green-hellstar-flame-flare-sweatpant/,,Hellstar,Pants,In Stock,,officialhellstar.com
Hellstar No Guts No Glory Closed Elastic Bottom Sweatpants Black Midnight Dye,$160.00,$200.00,,,,,,https://officialhellstar.com/wp-content/uploads/2025/07/Hellstar-No-Guts-No-Glory-Closed-Elastic-Bottom-Sweatpants-Midnight-Dye-Black.webp,https://officialhellstar.com/hellstar-no-guts-no-glory-closed-elastic-bottom-sweatpants-black-midnight-dye/,,Hellstar,Sweatpants,In Stock,,officialhellstar.com
Black Hellstar Flame Flare Sweatpant,$135.00,$200.00,,,,,,https://officialhellstar.com/wp-content/uploads/2024/08/Hellstar-Flame-Flare-Sweatpants-Black.webp,https://officialhellstar.com/black-hellstar-flame-flare-sweatpant/,,Hellstar,Pants,In Stock,,officialhellstar.com
Online Hellstar T-shirt Short Sleeve,$99.00,$170.00,,,,,,https://officialhellstar.com/wp-content/uploads/2025/03/Hellstar-Online-T-shirt-Short-Sleeve.webp,https://officialhellstar.com/online-hellstar-t-shirt-short-sleeve/,,Hellstar,Shirt,In Stock,,officialhellstar.com
Hellstar Fire Orange Hoodie,$170.00,$200.00,,,,,,https://officialhellstar.com/wp-content/uploads/2025/07/Hellstar-Fire-Orange-Hellstar-Hoodie.webp,https://officialhellstar.com/hellstar-fire-orange-hoodie/,,Hellstar,Hoodie,In Stock,,officialhellstar.com
Online Hellstar t shirt,$99.00,$170.00,,,,,,https://officialhellstar.com/wp-content/uploads/2025/05/Hellstar-online-t-shirt.webp,https://officialhellstar.com/online-hellstar-t-shirt/,,Hellstar,Shirt,In Stock,,officialhellstar.com
Hellstar Fire Orange Closed Elastic Bottom Sweatpant,$160.00,$200.00,,,,,,https://officialhellstar.com/wp-content/uploads/2025/07/Hellstar-Fire-Orange-Closed-Elastic-Bottom-Sweatpants-Orange-Dye.webp,https://officialhellstar.com/hellstar-fire-orange-closed-elastic-bottom-sweatpant/,,Hellstar,Sweatpants,In Stock,,officialhellstar.com
Hellstar Path To Paradise Black Shorts,$110.00,$179.00,,,,,,https://officialhellstar.com/wp-content/uploads/2024/08/Hellstar-Path-To-Paradise-Shorts-Black.webp,https://officialhellstar.com/hellstar-path-to-paradise-black-shorts/,,Hellstar,Shorts,In Stock,,officialhellstar.com
Hellstar Eyeball Shirt,$99.00,$170.00,,,,,,https://officialhellstar.com/wp-content/uploads/2024/08/Hellstar-Eyeball-T-Shirt.webp,https://officialhellstar.com/hellstar-eyeball-shirt/,,Hellstar,Shirt,In Stock,,officialhellstar.com
Hellstar Shorts Pink For Men & Women,$110.00,$179.00,,,,,,https://officialhellstar.com/wp-content/uploads/2025/03/Hellstar-Pink-Shorts-For-Men-Women.png,https://officialhellstar.com/hellstar-shorts-pink-for-men-women/,,Hellstar,Shorts,In Stock,,officialhellstar.com
Pixel Hellstar Long Sleeve,$150.00,$210.00,,,,,,https://officialhellstar.com/wp-content/uploads/2024/08/Hellstar-Pixel-Long-Sleeve1.webp,https://officialhellstar.com/pixel-hellstar-long-sleeve/,,Hellstar,Long Sleeve,In Stock,,officialhellstar.com
White Hellstar Eyeball T-shirt,$99.00,$170.00,,,,,,https://officialhellstar.com/wp-content/uploads/2025/07/Hellstar-Eyeball-T-shirt-White.webp,https://officialhellstar.com/white-hellstar-eyeball-t-shirt/,,Hellstar,Shirt,In Stock,,officialhellstar.com
Long Sleeve Hellstar Powered By The Star,$150.00,$210.00,,,,,,https://officialhellstar.com/wp-content/uploads/2024/08/Hellstar-Powered-By-The-Star-Long-Sleeve.webp,https://officialhellstar.com/long-sleeve-hellstar-powered-by-the-star/,,Hellstar,Long Sleeve,In Stock,,officialhellstar.com
Grey Hellstar Enlightenment Sweatpants,$135.00,$200.00,,,,,,https://officialhellstar.com/wp-content/uploads/2024/08/Hellstar-Enlightenment-Sweatpants-Grey.webp,https://officialhellstar.com/grey-hellstar-enlightenment-sweatpants/,,Hellstar,Sweatpants,In Stock,,officialhellstar.com
Hellstar Racer Hooded Black Vintage,$155.00,$260.00,,,,,,https://officialhellstar.com/wp-content/uploads/2024/08/Hellstar-Racer-Hooded-Vintage-Black.webp,https://officialhellstar.com/hellstar-racer-hooded-black-vintage/,,Hellstar,Hoodie,In Stock,,officialhellstar.com
Hellstar Short Sleeve Tee Shirt Red Blood,$99.00,$170.00,,,,,,https://officialhellstar.com/wp-content/uploads/2025/03/Hellstar-Short-Sleeve-Tee-Shirt-Blood-Red.webp,https://officialhellstar.com/hellstar-short-sleeve-tee-shirt-red-blood/,,Hellstar,Shirt,In Stock,,officialhellstar.com
Hellstar Electric Kid Shirts,$99.00,$170.00,,,,,,https://officialhellstar.com/wp-content/uploads/2024/08/Hellstar-EPT-T-Shirt-Cream.webp,https://officialhellstar.com/hellstar-electric-kid-shirts/,,Hellstar,Shirt,In Stock,,officialhellstar.com
Hellstar Sport Black Hoodie,$155.00,$260.00,,,,,,https://officialhellstar.com/wp-content/uploads/2024/08/Hellstar-Sport-Hoodie-Black.webp,https://officialhellstar.com/hellstar-sport-black-hoodie/,,Hellstar,Hoodie,In Stock,,officialhellstar.com
Hellstar T-shirt Sport Logo Black & Orange,$99.00,$170.00,,,,,,https://officialhellstar.com/wp-content/uploads/2025/07/Hellstar-Sport-Logo-T-shirt-Black-Orange.webp,https://officialhellstar.com/hellstar-t-shirt-sport-logo-black-orange/,,Hellstar,Shirt,In Stock,,officialhellstar.com
Hellstar Sports Red Sweatpants,$160.00,$200.00,,,,,,https://officialhellstar.com/wp-content/uploads/2025/07/Hellstar-Sports-Sweatpants-Red.webp,https://officialhellstar.com/hellstar-sports-red-sweatpants/,,Hellstar,Sweatpants,In Stock,,officialhellstar.com
Hellstar Studios Classic Black Shorts,$110.00,$179.00,,,,,,https://officialhellstar.com/wp-content/uploads/2024/08/Hellstar-Studios-Classic-Shorts-Black.webp,https://officialhellstar.com/hellstar-studios-classic-black-shorts/,,Hellstar,Shorts,In Stock,,officialhellstar.com
Hellstar Studios Cranium Short Sleeve Cream Tee Shirt,$99.00,$170.00,,,,,,https://officialhellstar.com/wp-content/uploads/2025/07/Hellstar-Studios-Cranium-Short-Sleeve-Tee-Shirt-Cream.webp,https://officialhellstar.com/hellstar-studios-cranium-short-sleeve-cream-tee-shirt/,,Hellstar,Shirt,In Stock,,officialhellstar.com
Hellstar Studios Flame Grey Sweatpants,$135.00,$200.00,,,,,,https://officialhellstar.com/wp-content/uploads/2024/08/Hellstar-Studios-Flame-Sweatpants-Grey.webp,https://officialhellstar.com/hellstar-studios-flame-grey-sweatpants/,,Hellstar,Sweatpants,In Stock,,officialhellstar.com
Hellstar Studios Flame Pink Sweatpants,$135.00,$200.00,,,,,,https://officialhellstar.com/wp-content/uploads/2024/08/Hellstar-Studios-Flame-Sweatpants-Pink.webp,https://officialhellstar.com/hellstar-studios-flame-pink-sweatpants/,,Hellstar,Sweatpants,In Stock,,officialhellstar.com
Hellstar Studios Flame Red Sweatpants,$135.00,$200.00,,,,,,https://officialhellstar.com/wp-content/uploads/2024/08/Hellstar-Studios-Flame-Sweatpants-Red.webp,https://officialhellstar.com/hellstar-studios-flame-red-sweatpants/,,Hellstar,Pants,In Stock,,officialhellstar.com
Hellstar Studios Future Grey Hoodie,$155.00,$260.00,,,,,,https://officialhellstar.com/wp-content/uploads/2024/08/Hellstar-Studios-Future-Hoodie-Grey.webp,https://officialhellstar.com/hellstar-studios-future-grey-hoodie/,,Hellstar,Hoodie,In Stock,,officialhellstar.com
Hellstar Studios Inner Peace Dark Tee Grey,$99.00,$170.00,,,,,,https://officialhellstar.com/wp-content/uploads/2025/05/Hellstar-Studios-Inner-Peace-Dark-Grey-Tee.webp,https://officialhellstar.com/hellstar-studios-inner-peace-dark-tee-grey/,,Hellstar,Shirt,In Stock,,officialhellstar.com
New Hellstar Studios Tour Hoodie,$169.00,$260.00,,,,,,https://officialhellstar.com/wp-content/uploads/2025/05/Hellstar-Studios-New-Tour-Hoodie.webp,https://officialhellstar.com/new-hellstar-studios-tour-hoodie/,,Hellstar,Hoodie,In Stock,,officialhellstar.com
Hellstar Studios Racer Flare Black Sweatpants,$135.00,$200.00,,,,,,https://officialhellstar.com/wp-content/uploads/2024/08/Hellstar-Studios-Racer-Flare-Sweatpants-Black.webp,https://officialhellstar.com/hellstar-studios-racer-flare-black-sweatpants/,,Hellstar,Pants,In Stock,,officialhellstar.com
Hellstar Studios Records Amercian Black Hoodie,$155.00,$260.00,,,,,,https://officialhellstar.com/wp-content/uploads/2024/08/Hellstar-Studios-Records-Amercian-Hoodie-Black.webp,https://officialhellstar.com/hellstar-studios-records-amercian-black-hoodie/,,Hellstar,Hoodie,In Stock,,officialhellstar.com
Hellstar Studios Records Tracksuit Black,$245.00,$350.00,,,,,,https://officialhellstar.com/wp-content/uploads/2025/05/Hellstar-Studios-Records-Black-Tracksuit.webp,https://officialhellstar.com/hellstar-studios-records-tracksuit-black/,,Hellstar,Tracksuit,In Stock,,officialhellstar.com
Hellstar Studios Records Black Hoodie,$155.00,$260.00,,,,,,https://officialhellstar.com/wp-content/uploads/2024/08/Hellstar-Studios-Records-Hoodie-Black.webp,https://officialhellstar.com/hellstar-studios-records-black-hoodie/,,Hellstar,Hoodie,In Stock,,officialhellstar.com
Hellstar Studios Records Red Hoodie,$155.00,$260.00,,,,,,https://officialhellstar.com/wp-content/uploads/2024/08/Hellstar-Studios-Records-Hoodie-Red.webp,https://officialhellstar.com/hellstar-studios-records-red-hoodie/,,Hellstar,Hoodie,In Stock,,officialhellstar.com
Hellstar Studios Records Long Sleeve Sweater T-Shirt,$150.00,$210.00,,,,,,https://officialhellstar.com/wp-content/uploads/2024/08/Hellstar-Studios-Records-Long-Sleeve-T-Shirt-Sweater.webp,https://officialhellstar.com/hellstar-studios-records-long-sleeve-sweater-t-shirt/,,Hellstar,Long Sleeve,In Stock,,officialhellstar.com
Hellstar Studios Records Shorts,$110.00,$179.00,,,,,,https://officialhellstar.com/wp-content/uploads/2025/07/Hellstar-Studios-Records-Shorts-Black.webp,https://officialhellstar.com/hellstar-studios-records-shorts/,,Hellstar,Shorts,In Stock,,officialhellstar.com
Hellstar Electric Kid Shirt,$99.00,$170.00,,,,,,https://officialhellstar.com/wp-content/uploads/2024/08/Hellstar-Electric-Kid-T-Shirt.webp,https://officialhellstar.com/hellstar-electric-kid-shirt/,,Hellstar,Shirt,In Stock,,officialhellstar.com
Hellstar Studios Records Black Shorts,$110.00,$179.00,,,,,,https://officialhellstar.com/wp-content/uploads/2024/08/Hellstar-Studios-Records-Shorts-Black1.webp,https://officialhellstar.com/hellstar-studios-records-black-shorts/,,Hellstar,Shorts,In Stock,,officialhellstar.com
Hellstar Studios Records Grey Shorts,$110.00,$179.00,,,,,,https://officialhellstar.com/wp-content/uploads/2024/08/Hellstar-Studios-Records-Shorts-Grey1.webp,https://officialhellstar.com/hellstar-studios-records-grey-shorts/,,Hellstar,Shorts,In Stock,,officialhellstar.com
Hellstar Crowned Skull Shirt,$99.00,$170.00,,,,,,https://officialhellstar.com/wp-content/uploads/2025/03/Hellstar-Crowned-Skull-T-Shirt.webp,https://officialhellstar.com/hellstar-crowned-skull-shirt/,,Hellstar,Shirt,In Stock,,officialhellstar.com
Hellstar Studios Records Pink Shorts,$110.00,$179.00,,,,,,https://officialhellstar.com/wp-content/uploads/2024/08/Hellstar-Studios-Records-Shorts-Pink.webp,https://officialhellstar.com/hellstar-studios-records-pink-shorts/,,Hellstar,Shorts,In Stock,,officialhellstar.com
Hellstar Classic Shirt,$99.00,$170.00,,,,,,https://officialhellstar.com/wp-content/uploads/2024/08/Hellstar-Classic-T-Shirt.webp,https://officialhellstar.com/hellstar-classic-shirt/,,Hellstar,Shirt,In Stock,,officialhellstar.com
Hellstar Studios Records Star Black Shorts,$110.00,$179.00,,,,,,https://officialhellstar.com/wp-content/uploads/2024/08/Hellstar-Studios-Records-Star-Shorts-Black.webp,https://officialhellstar.com/hellstar-studios-records-star-black-shorts/,,Hellstar,Shorts,In Stock,,officialhellstar.com
Hellstar Classic T-shirt White & Brown,$99.00,$170.00,,,,,,https://officialhellstar.com/wp-content/uploads/2025/07/Hellstar-Classic-T-shirt-Regular-Print-White-Blue-b.webp,https://officialhellstar.com/hellstar-classic-t-shirt-white-brown/,,Hellstar,Shirt,In Stock,,officialhellstar.com
Hellstar Studios Records Black Sweater,$150.00,$210.00,,,,,,https://officialhellstar.com/wp-content/uploads/2024/08/Hellstar-Studios-Records-Sweater-Black1.webp,https://officialhellstar.com/hellstar-studios-records-black-sweater/,,Hellstar,Long Sleeve,In Stock,,officialhellstar.com
Hellstar Sweater Studios Records Grey,$150.00,$210.00,,,,,,https://officialhellstar.com/wp-content/uploads/2024/08/Hellstar-Studios-Records-Sweater-Grey1.webp,https://officialhellstar.com/hellstar-sweater-studios-records-grey/,,Hellstar,Long Sleeve,In Stock,,officialhellstar.com
Hellstar Classic T-shirt White & Blue,$99.00,$170.00,,,,,,https://officialhellstar.com/wp-content/uploads/2025/07/Hellstar-Classic-T-shirt-Regular-Print-White-Blue.webp,https://officialhellstar.com/hellstar-classic-t-shirt-white-blue/,,Hellstar,Shirt,In Stock,,officialhellstar.com
Studios Records Vintage Hellstar Tracksuit Black,$245.00,$350.00,,,,,,https://officialhellstar.com/wp-content/uploads/2024/08/Hellstar-Studios-Records-Vintage-Tracksuit-Black.webp,https://officialhellstar.com/studios-records-vintage-hellstar-tracksuit-black/,,Hellstar,Tracksuit,In Stock,,officialhellstar.com
Hellstar Chrome Logo Shirt,$99.00,$170.00,,,,,,https://officialhellstar.com/wp-content/uploads/2024/08/Hellstar-Chrome-Logo-T-Shirt.webp,https://officialhellstar.com/hellstar-chrome-logo-shirt/,,Hellstar,Shirt,In Stock,,officialhellstar.com
Hellstar Hoodie Studios Records Yoga Black,$155.00,$260.00,,,,,,https://officialhellstar.com/wp-content/uploads/2024/08/Hellstar-Studios-Records-Yoga-Hoodie-Black.webp,https://officialhellstar.com/hellstar-hoodie-studios-records-yoga-black/,,Hellstar,Hoodie,In Stock,,officialhellstar.com
Hellstar Cartoon Logo Glitter Logo T-shirt,$99.00,$170.00,,,,,,https://officialhellstar.com/wp-content/uploads/2025/07/Hellstar-Cartoon-Logo-Glitter-Logo-T-shirt-Black.webp,https://officialhellstar.com/hellstar-cartoon-logo-glitter-logo-t-shirt/,,Hellstar,Shirt,In Stock,,officialhellstar.com
Hellstar Hoodie Studios Records Yoga Blue,$155.00,$260.00,,,,,,https://officialhellstar.com/wp-content/uploads/2024/08/Hellstar-Studios-Records-Yoga-Hoodie-Blue.webp,https://officialhellstar.com/hellstar-hoodie-studios-records-yoga-blue/,,Hellstar,Hoodie,In Stock,,officialhellstar.com
Hellstar Camo Embroidered Short,$110.00,$179.00,,,,,,https://officialhellstar.com/wp-content/uploads/2025/03/Hellstar-Camo-Embroidered-Shorts-Men-Women.webp,https://officialhellstar.com/hellstar-camo-embroidered-short/,,Hellstar,Shorts,In Stock,,officialhellstar.com
Hellstar Studios Records Yoga Black Sweatpants,$135.00,$200.00,,,,,,https://officialhellstar.com/wp-content/uploads/2024/08/Hellstar-Studios-Records-Yoga-Sweatpants-Black.webp,https://officialhellstar.com/hellstar-studios-records-yoga-black-sweatpants/,,Hellstar,Pants,In Stock,,officialhellstar.com
Hellstar Brainwashed World Tour Shirt,$99.00,$170.00,,,,,,https://officialhellstar.com/wp-content/uploads/2024/08/Hellstar-Brainwashed-World-Tour-T-Shirt.webp,https://officialhellstar.com/hellstar-brainwashed-world-tour-shirt/,,Hellstar,Shirt,In Stock,,officialhellstar.com
Hellstar Brainwashed Without Brain Hoodie,$155.00,$260.00,,,,,,https://officialhellstar.com/wp-content/uploads/2024/08/Hellstar-Brainwashed-Hoodie-without-Brain.webp,https://officialhellstar.com/hellstar-brainwashed-without-brain-hoodie/,,Hellstar,Hoodie,In Stock,,officialhellstar.com
Hellstar Studios Records Yoga Blue Sweatpants,$135.00,$200.00,,,,,,https://officialhellstar.com/wp-content/uploads/2024/08/Hellstar-Studios-Records-Yoga-Sweatpants-Blue.webp,https://officialhellstar.com/hellstar-studios-records-yoga-blue-sweatpants/,,Hellstar,Pants,In Stock,,officialhellstar.com
Hellstar Brainwashed with Brain Hoodie,$155.00,$260.00,,,,,,https://officialhellstar.com/wp-content/uploads/2024/08/Hellstar-Brainwashed-Hoodie-with-Brain.webp,https://officialhellstar.com/hellstar-brainwashed-with-brain-hoodie/,,Hellstar,Hoodie,In Stock,,officialhellstar.com
Blue Hellstar Hoodie,$170.00,$200.00,,,,,,https://officialhellstar.com/wp-content/uploads/2025/07/hellstar-blue-hoodie.jpg,https://officialhellstar.com/blue-hellstar-hoodie/,,Hellstar,Hoodie,In Stock,,officialhellstar.com
Black Hellstar T-shirt,$99.00,$170.00,,,,,,https://officialhellstar.com/wp-content/uploads/2025/07/Hellstar-Black-T-shirt.webp,https://officialhellstar.com/black-hellstar-t-shirt/,,Hellstar,Shirt,In Stock,,officialhellstar.com
Hellstar Studios Records Yoga Black Tracksuit,$245.00,$350.00,,,,,,https://officialhellstar.com/wp-content/uploads/2024/08/Hellstar-Studios-Records-Yoga-Tracksuit-Black.webp,https://officialhellstar.com/hellstar-studios-records-yoga-black-tracksuit/,,Hellstar,Tracksuit,In Stock,,officialhellstar.com
Red & Black Hellstar Beat Us T-shirt,$99.00,$170.00,,,,,,https://officialhellstar.com/wp-content/uploads/2025/07/Hellstar-Beat-Us-T-shirt-Red-Black-B.webp,https://officialhellstar.com/red-black-hellstar-beat-us-t-shirt/,,Hellstar,Shirt,In Stock,,officialhellstar.com
Hellstar Studios Records Yoga Blue Tracksuit,$245.00,$350.00,,,,,,https://officialhellstar.com/wp-content/uploads/2024/08/Hellstar-Studios-Records-Yoga-Tracksuit-Blue.webp,https://officialhellstar.com/hellstar-studios-records-yoga-blue-tracksuit/,,Hellstar,Tracksuit,In Stock,,officialhellstar.com
Hellstar Studios Records Zip Black Hoodie,$155.00,$260.00,,,,,,https://officialhellstar.com/wp-content/uploads/2024/08/Hellstar-Studios-Records-Zip-Hoodie-Black.webp,https://officialhellstar.com/hellstar-studios-records-zip-black-hoodie/,,Hellstar,Hoodie,In Stock,,officialhellstar.com
White Hellstar Bad Boy Hoodie,$150.00,$250.00,,,,,,https://officialhellstar.com/wp-content/uploads/2025/03/Hellstar-Bad-Boy-Hoodie.webp,https://officialhellstar.com/white-hellstar-bad-boy-hoodie/,,Hellstar,Hoodie,In Stock,,officialhellstar.com
Hellstar Attacks Shirt,$99.00,$170.00,,,,,,https://officialhellstar.com/wp-content/uploads/2024/08/Hellstar-Attacks-T-Shirt.webp,https://officialhellstar.com/hellstar-attacks-shirt/,,Hellstar,Shirt,In Stock,,officialhellstar.com
Red Hellstar Studios Hoodie,$150.00,$250.00,,,,,,https://officialhellstar.com/wp-content/uploads/2024/08/Hellstar-Studios-Red-Hoodie.webp,https://officialhellstar.com/red-hellstar-studios-hoodie/,,Hellstar,Hoodie,In Stock,,officialhellstar.com
White Hellstar Anatomy T-Shirt,$99.00,$170.00,,,,,,https://officialhellstar.com/wp-content/uploads/2024/08/Hellstar-Anatomy-T-Shirt-White.webp,https://officialhellstar.com/white-hellstar-anatomy-t-shirt/,,Hellstar,Shirt,In Stock,,officialhellstar.com
Hellstar Studios Summer Love White Hoodie,$150.00,$250.00,,,,,,https://officialhellstar.com/wp-content/uploads/2024/08/7y7.webp,https://officialhellstar.com/hellstar-studios-summer-love-white-hoodie/,,Hellstar,Hoodie,In Stock,,officialhellstar.com
White Hellstar 1998 Records T-Shirt,$99.00,$170.00,,,,,,https://officialhellstar.com/wp-content/uploads/2024/08/Hellstar-1998-Records-T-Shirt-White.webp,https://officialhellstar.com/white-hellstar-1998-records-t-shirt/,,Hellstar,Shirt,In Stock,,officialhellstar.com
Hellstar Long Sleeve Studios Victory Thermal,$150.00,$210.00,,,,,,https://officialhellstar.com/wp-content/uploads/2024/08/Hellstar-Studios-Victory-Thermal-Long-Sleeve.webp,https://officialhellstar.com/hellstar-long-sleeve-studios-victory-thermal/,,Hellstar,Long Sleeve,In Stock,,officialhellstar.com
Grey Hellstar Snap Short,$110.00,$179.00,,,,,,https://officialhellstar.com/wp-content/uploads/2025/03/Grey-Hellstar-Snap-Shorts.webp,https://officialhellstar.com/grey-hellstar-snap-short/,,Hellstar,Shorts,In Stock,,officialhellstar.com
Studios Yoga Tee Hellstar,$99.00,$170.00,,,,,,https://officialhellstar.com/wp-content/uploads/2025/05/Hellstar-Studios-Yoga-Tee.webp,https://officialhellstar.com/studios-yoga-tee-hellstar/,,Hellstar,Shirt,In Stock,,officialhellstar.com
Grey Hellstar Evil Smile Shirt,$99.00,$170.00,,,,,,https://officialhellstar.com/wp-content/uploads/2025/03/Grey-Hellstar-Evil-Smile-T-Shirt.webp,https://officialhellstar.com/grey-hellstar-evil-smile-shirt/,,Hellstar,Shirt,In Stock,,officialhellstar.com
Grey Hellstar Enlightenment Club Shirt,$99.00,$170.00,,,,,,https://officialhellstar.com/wp-content/uploads/2025/03/Grey-Hellstar-Enlightenment-Club-T-Shirt.webp,https://officialhellstar.com/grey-hellstar-enlightenment-club-shirt/,,Hellstar,Shirt,In Stock,,officialhellstar.com
Sweater–HELLSTAR,$150.00,$210.00,,,,,,https://officialhellstar.com/wp-content/uploads/2024/08/HELLSTAR-–-Sweater.webp,https://officialhellstar.com/sweater-hellstar/,,Hellstar,Long Sleeve,In Stock,,officialhellstar.com
Gray Hellstar Uniform Hoodie,$150.00,$250.00,,,,,,https://officialhellstar.com/wp-content/uploads/2025/03/Gray-Hellstar-Uniform-Hoodie-For-Mens.webp,https://officialhellstar.com/gray-hellstar-uniform-hoodie/,,Hellstar,Hoodie,In Stock,,officialhellstar.com
Hellstar Yellow Sweatpants,$170.00,$200.00,,,,,,https://officialhellstar.com/wp-content/uploads/2025/07/Hellstar-Sweatpants-Yellow.webp,https://officialhellstar.com/hellstar-yellow-sweatpants/,,Hellstar,Sweatpants,In Stock,,officialhellstar.com
Black Get Hellstar Sport Hoodie,$150.00,$250.00,,,,,,https://officialhellstar.com/wp-content/uploads/2025/03/Get-Hellstar-Sport-Hoodie-Black.webp,https://officialhellstar.com/black-get-hellstar-sport-hoodie/,,Hellstar,Hoodie,In Stock,,officialhellstar.com
Tour Hellstar Hoodie,$169.00,$260.00,,,,,,https://officialhellstar.com/wp-content/uploads/2025/05/Hellstar-Tour-Hoodie.webp,https://officialhellstar.com/tour-hellstar-hoodie/,,Hellstar,Hoodie,In Stock,,officialhellstar.com
Grey Genuine Hellstar Flame Short,$110.00,$179.00,,,,,,https://officialhellstar.com/wp-content/uploads/2025/03/Genuine-Hellstar-Flame-Shorts-Grey.webp,https://officialhellstar.com/grey-genuine-hellstar-flame-short/,,Hellstar,Shorts,In Stock,,officialhellstar.com
Black Genuine Hellstar Beautiful T-Shirt,$99.00,$170.00,,,,,,https://officialhellstar.com/wp-content/uploads/2025/03/Genuine-Hellstar-Beautiful-Black-T-Shirt.webp,https://officialhellstar.com/black-genuine-hellstar-beautiful-t-shirt/,,Hellstar,Shirt,In Stock,,officialhellstar.com
HELLSTAR TRACK BLACK PANTS,$135.00,$200.00,,,,,,https://officialhellstar.com/wp-content/uploads/2024/08/HELLSTAR-TRACK-PANTS-BLACK1.webp,https://officialhellstar.com/hellstar-track-black-pants/,,Hellstar,Pants,In Stock,,officialhellstar.com
Hellstar Black Uniform Hoodie,$150.00,$250.00,,,,,,https://officialhellstar.com/wp-content/uploads/2024/08/Hellstar-Uniform-Hoodie-Black.webp,https://officialhellstar.com/hellstar-black-uniform-hoodie/,,Hellstar,Hoodie,In Stock,,officialhellstar.com
Buy Grey Hellstar Sports Tracksuit,$245.00,$350.00,,,,,,https://officialhellstar.com/wp-content/uploads/2025/03/Buy-Hellstar-Sports-Tracksuit-Grey.webp,https://officialhellstar.com/buy-grey-hellstar-sports-tracksuit/,,Hellstar,Tracksuit,In Stock,,officialhellstar.com
Hellstar White vesus T-Shirt,$99.00,$170.00,,,,,,https://officialhellstar.com/wp-content/uploads/2025/07/Hellstar-vesus-T-Shirt-White.webp,https://officialhellstar.com/hellstar-white-vesus-t-shirt/,,Hellstar,Shirt,In Stock,,officialhellstar.com
White Breaking News Hellstar T-shirt,$99.00,$170.00,,,,,,https://officialhellstar.com/wp-content/uploads/2025/03/Breaking-News-Hellstar-T-shirt.webp,https://officialhellstar.com/white-breaking-news-hellstar-t-shirt/,,Hellstar,Shirt,In Stock,,officialhellstar.com
Hellstar Shorts Vintage For Men & Women,$110.00,$179.00,,,,,,https://officialhellstar.com/wp-content/uploads/2025/03/Hellstar-Vintage-Shorts-For-Men-Women.webp,https://officialhellstar.com/hellstar-shorts-vintage-for-men-women/,,Hellstar,Shorts,In Stock,,officialhellstar.com
Hellstar Uniform Blue Hoodie,$150.00,$250.00,,,,,,https://officialhellstar.com/wp-content/uploads/2025/03/Blue-Hellstar-Uniform-Hoodie.webp,https://officialhellstar.com/hellstar-uniform-blue-hoodie/,,Hellstar,Hoodie,In Stock,,officialhellstar.com
Hellstar Red Shorts Warm Up,$110.00,$179.00,,,,,,https://officialhellstar.com/wp-content/uploads/2025/07/Hellstar-Warm-Up-Shorts-Red.webp,https://officialhellstar.com/hellstar-red-shorts-warm-up/,,Hellstar,Shorts,In Stock,,officialhellstar.com
Hellstar Warm Up White Shorts,$110.00,$179.00,,,,,,https://officialhellstar.com/wp-content/uploads/2025/07/Hellstar-Warm-Up-Shorts-White.png,https://officialhellstar.com/hellstar-warm-up-white-shorts/,,Hellstar,Shorts,In Stock,,officialhellstar.com
Hellstar Sports Gel Hoodie Blue,$150.00,$250.00,,,,,,https://officialhellstar.com/wp-content/uploads/2025/03/Blue-Hellstar-Sports-Gel-Hoodie.webp,https://officialhellstar.com/hellstar-sports-gel-hoodie-blue/,,Hellstar,Hoodie,In Stock,,officialhellstar.com
If You Don’t Us Beat Us Like Hoodie,$150.00,$250.00,,,,,,https://officialhellstar.com/wp-content/uploads/2025/03/If-You-Dont-Like-Us-Beat-Us-Hoodie.webp,https://officialhellstar.com/if-you-dont-us-beat-us-like-hoodie/,,Hellstar,Hoodie,In Stock,,officialhellstar.com
Hellstar No Guts No Glory Blue Tracksuit,$245.00,$350.00,,,,,,https://officialhellstar.com/wp-content/uploads/2025/03/Blue-Hellstar-No-Guts-No-Glory-Tracksuit.webp,https://officialhellstar.com/hellstar-no-guts-no-glory-blue-tracksuit/,,Hellstar,Tracksuit,In Stock,,officialhellstar.com
Hellstar New Black Path to Paradise Hoodie For Men & Women,$150.00,$250.00,,,,,,https://officialhellstar.com/wp-content/uploads/2025/03/New-Black-Hellstar-Path-to-Paradise-Hoodie-For-Men-Women.webp,https://officialhellstar.com/hellstar-new-black-path-to-paradise-hoodie-for-men-women/,,Hellstar,Hoodie,In Stock,,officialhellstar.com
Hellstar No Guts No Glory Blue Hoodie,$150.00,$250.00,,,,,,https://officialhellstar.com/wp-content/uploads/2025/03/Blue-Hellstar-No-Guts-No-Glory-Hoodie.webp,https://officialhellstar.com/hellstar-no-guts-no-glory-blue-hoodie/,,Hellstar,Hoodie,In Stock,,officialhellstar.com
Hellstar New Green Hoodie Path to Paradise For Men & Women,$150.00,$250.00,,,,,,https://officialhellstar.com/wp-content/uploads/2025/03/New-Green-Hellstar-Hoodie-Path-to-Paradise-For-Men-Women.jpg,https://officialhellstar.com/hellstar-new-green-hoodie-path-to-paradise-for-men-women/,,Hellstar,Hoodie,In Stock,,officialhellstar.com
White I Love Hellstar Summer Love Hoodie,$150.00,$250.00,,,,,,https://officialhellstar.com/wp-content/uploads/2025/03/Black-White-I-Love-Hellstar-Summer-Love-Hoodie.webp,https://officialhellstar.com/white-i-love-hellstar-summer-love-hoodie/,,Hellstar,Hoodie,In Stock,,officialhellstar.com
Pixel New White Hellstar T-shirt,$99.00,$170.00,,,,,,https://officialhellstar.com/wp-content/uploads/2025/03/New-White-Hellstar-Pixel-T-shirt.webp,https://officialhellstar.com/pixel-new-white-hellstar-t-shirt/,,Hellstar,Shirt,In Stock,,officialhellstar.com
White New Hellstar Records T-shirt,$99.00,$170.00,,,,,,https://officialhellstar.com/wp-content/uploads/2025/03/New-White-Hellstar-Records-T-shirt.webp,https://officialhellstar.com/white-new-hellstar-records-t-shirt/,,Hellstar,Shirt,In Stock,,officialhellstar.com
Red Hellstar Sports Hoodie Black,$169.00,$260.00,,,,,,https://officialhellstar.com/wp-content/uploads/2025/03/Black-Red-Hellstar-Sports-Hoodie.webp,https://officialhellstar.com/red-hellstar-sports-hoodie-black/,,Hellstar,Hoodie,In Stock,,officialhellstar.com
Love Hellstar Life Hoodie Black,$169.00,$260.00,,,,,,https://officialhellstar.com/wp-content/uploads/2025/03/Black-Love-Hellstar-Life-Hoodie.webp,https://officialhellstar.com/love-hellstar-life-hoodie-black/,,Hellstar,Hoodie,In Stock,,officialhellstar.com
Hellstar Records Fire Face Hoodie Red,$150.00,$250.00,,,,,,https://officialhellstar.com/wp-content/uploads/2025/03/Red-Hellstar-Records-Fire-Face-Hoodie.webp,https://officialhellstar.com/hellstar-records-fire-face-hoodie-red/,,Hellstar,Hoodie,In Stock,,officialhellstar.com
Hellstar Vintage Washed Black Hoodie,$169.00,$260.00,,,,,,https://officialhellstar.com/wp-content/uploads/2025/03/Black-Hellstar-Vintage-Washed-Hoodie.webp,https://officialhellstar.com/hellstar-vintage-washed-black-hoodie/,,Hellstar,Hoodie,In Stock,,officialhellstar.com
Hellstar Studios Records Tracksuit Red,$245.00,$350.00,,,,,,https://officialhellstar.com/wp-content/uploads/2025/03/Red-Hellstar-Studios-Records-Tracksuit.webp,https://officialhellstar.com/hellstar-studios-records-tracksuit-red/,,Hellstar,Tracksuit,In Stock,,officialhellstar.com
Hellstar Tour Hoodie Black,$169.00,$260.00,,,,,,https://officialhellstar.com/wp-content/uploads/2025/03/Black-Hellstar-Tour-Hoodie.webp,https://officialhellstar.com/hellstar-tour-hoodie-black/,,Hellstar,Hoodie,In Stock,,officialhellstar.com
Red Hellstar Vintage Hoodie For Women & Men,$150.00,$250.00,,,,,,https://officialhellstar.com/wp-content/uploads/2025/03/Red-Hellstar-Vintage-Hoodie-For-Men-Women.png,https://officialhellstar.com/red-hellstar-vintage-hoodie-for-women-men/,,Hellstar,Hoodie,In Stock,,officialhellstar.com
Guts No Glory T-Shirt Red-No,$99.00,$170.00,,,,,,https://officialhellstar.com/wp-content/uploads/2025/03/Red-No-Guts-No-Glory-T-Shirt.webp,https://officialhellstar.com/guts-no-glory-t-shirt-red-no/,,Hellstar,Shirt,In Stock,,officialhellstar.com
Sound Like Heaven Hellstar Hoodie Red,$150.00,$250.00,,,,,,https://officialhellstar.com/wp-content/uploads/2025/03/Sound-Like-Heaven-Hellstar-Hoodie.webp,https://officialhellstar.com/sound-like-heaven-hellstar-hoodie-red/,,Hellstar,Hoodie,In Stock,,officialhellstar.com
Hellstar Studios Speed Black Hoodie,$169.00,$260.00,,,,,,https://officialhellstar.com/wp-content/uploads/2025/03/Black-Hellstar-Studios-Speed-Hoodie.webp,https://officialhellstar.com/hellstar-studios-speed-black-hoodie/,,Hellstar,Hoodie,In Stock,,officialhellstar.com
Hellstar Studios Heaven Sounds Black T-shirt,$99.00,$170.00,,,,,,https://officialhellstar.com/wp-content/uploads/2025/03/Black-Hellstar-Studios-Heaven-Sounds-T-shirt.webp,https://officialhellstar.com/hellstar-studios-heaven-sounds-black-t-shirt/,,Hellstar,Shirt,In Stock,,officialhellstar.com
Beat Us White Blue T-Shirt,$99.00,$170.00,,,,,,https://officialhellstar.com/wp-content/uploads/2025/03/White-Blue-Beat-Us-T-Shirt.webp,https://officialhellstar.com/beat-us-white-blue-t-shirt/,,Hellstar,Shirt,In Stock,,officialhellstar.com
Blue Beat Us White T-Shirt,$119.99,$200.00,,,,,,https://officialhellstar.com/wp-content/uploads/2025/03/White-Blue-Beat-Us-T-Shirt.webp,https://officialhellstar.com/blue-beat-us-white-t-shirt/,,Hellstar,Uncategorized,In Stock,,officialhellstar.com
Hellstar Studios Classic Black Hoodie,$169.00,$260.00,,,,,,https://officialhellstar.com/wp-content/uploads/2025/03/Black-Hellstar-Studios-Classic-Hoodie.webp,https://officialhellstar.com/hellstar-studios-classic-black-hoodie/,,Hellstar,Hoodie,In Stock,,officialhellstar.com
Hellstar Stay in Peace Black Hoodie,$169.00,$260.00,,,,,,https://officialhellstar.com/wp-content/uploads/2025/03/Black-Hellstar-Stay-in-Peace-Hoodie.webp,https://officialhellstar.com/hellstar-stay-in-peace-black-hoodie/,,Hellstar,Hoodie,In Stock,,officialhellstar.com
Hellstar Sports Jet Black Tracksuit,$245.00,$350.00,,,,,,https://officialhellstar.com/wp-content/uploads/2025/03/Black-Hellstar-Sports-Jet-Tracksuit1.webp,https://officialhellstar.com/hellstar-sports-jet-black-tracksuit/,,Hellstar,Tracksuit,In Stock,,officialhellstar.com
Hellstar Sports Jet Black Hoodie,$169.00,$260.00,,,,,,https://officialhellstar.com/wp-content/uploads/2025/03/Black-Hellstar-Sports-Jet-Hoodie.webp,https://officialhellstar.com/hellstar-sports-jet-black-hoodie/,,Hellstar,Hoodie,In Stock,,officialhellstar.com
Hellstar Sports Future Flame Black Tracksuit,$245.00,$350.00,,,,,,https://officialhellstar.com/wp-content/uploads/2025/03/Black-Hellstar-Sports-Future-Flame-Tracksuit.webp,https://officialhellstar.com/hellstar-sports-future-flame-black-tracksuit/,,Hellstar,Tracksuit,In Stock,,officialhellstar.com
Dennis Rodman Hellstar T-shirt White,$99.00,$170.00,,,,,,https://officialhellstar.com/wp-content/uploads/2025/03/White-Dennis-Rodman-Hellstar-T-shirt.webp,https://officialhellstar.com/dennis-rodman-hellstar-t-shirt-white/,,Hellstar,Shirt,In Stock,,officialhellstar.com
Hellstar Sports Future Flame Black Hoodie,$169.00,$260.00,,,,,,https://officialhellstar.com/wp-content/uploads/2025/03/Black-Hellstar-Sports-Future-Flame-Hoodie.webp,https://officialhellstar.com/hellstar-sports-future-flame-black-hoodie/,,Hellstar,Hoodie,In Stock,,officialhellstar.com
Hellstar Spiritual Olympics Black Hoodie,$169.00,$260.00,,,,,,https://officialhellstar.com/wp-content/uploads/2025/03/Black-Hellstar-Spiritual-Olympics-Hoodie.webp,https://officialhellstar.com/hellstar-spiritual-olympics-black-hoodie/,,Hellstar,Hoodie,In Stock,,officialhellstar.com
Hellstar Short Sleeve Black Tee Shirt,$99.00,$170.00,,,,,,https://officialhellstar.com/wp-content/uploads/2025/03/Black-Hellstar-Short-Sleeve-Tee-Shirt.webp,https://officialhellstar.com/hellstar-short-sleeve-black-tee-shirt/,,Hellstar,Shirt,In Stock,,officialhellstar.com
hellstar Yellow Shorts,$110.00,$179.00,,,,,,https://officialhellstar.com/wp-content/uploads/2025/05/Yellow-hellstar-Shorts-1.png,https://officialhellstar.com/hellstar-yellow-shorts/,,Hellstar,Shorts,In Stock,,officialhellstar.com
Hellstar Pullover Black Hoodie,$169.00,$260.00,,,,,,https://officialhellstar.com/wp-content/uploads/2025/03/Black-Hellstar-Pullover-Hoodie.webp,https://officialhellstar.com/hellstar-pullover-black-hoodie/,,Hellstar,Hoodie,In Stock,,officialhellstar.com
Hellstar Sport Tracksuit Yellow,$245.00,$350.00,,,,,,https://officialhellstar.com/wp-content/uploads/2025/03/Yellow-Hellstar-Sport-Tracksuit.webp,https://officialhellstar.com/hellstar-sport-tracksuit-yellow/,,Hellstar,Tracksuit,In Stock,,officialhellstar.com
Yellow-Hellstar Sports Zip-Up Hoodie,$150.00,$250.00,,,,,,https://officialhellstar.com/wp-content/uploads/2025/03/Yellow-Hellstar-Sports-Zip-Up.png,https://officialhellstar.com/yellow-hellstar-sports-zip-up-hoodie/,,Hellstar,Hoodie,In Stock,,officialhellstar.com
Hellstar Black Liberty City of Love Hoodie,$169.00,$260.00,,,,,,https://officialhellstar.com/wp-content/uploads/2025/03/Black-Hellstar-Liberty-City-of-Love-Hoodie.webp,https://officialhellstar.com/hellstar-black-liberty-city-of-love-hoodie/,,Hellstar,Hoodie,In Stock,,officialhellstar.com
Hellstar Knock Out Black T-Shirt,$99.00,$170.00,,,,,,https://officialhellstar.com/wp-content/uploads/2025/03/Black-Hellstar-Knock-Out-T-Shirt.webp,https://officialhellstar.com/hellstar-knock-out-black-t-shirt/,,Hellstar,Shirt,In Stock,,officialhellstar.com
Hellstar Black Hoodie,$169.00,$260.00,,,,,,https://officialhellstar.com/wp-content/uploads/2025/05/black-hellstar-Hoodie.webp,https://officialhellstar.com/hellstar-black-hoodie/,,Hellstar,Hoodie,In Stock,,officialhellstar.com
Black Goggles Hellstar T-shirt,$99.00,$170.00,,,,,,https://officialhellstar.com/wp-content/uploads/2025/03/Black-Hellstar-Goggles-T-shirt.webp,https://officialhellstar.com/black-goggles-hellstar-t-shirt/,,Hellstar,Shirt,In Stock,,officialhellstar.com
Hellstar Complexcon Hoodie,$169.00,$260.00,,,,,,https://officialhellstar.com/wp-content/uploads/2025/03/Black-Hellstar-Complexcon-Hoodie.webp,https://officialhellstar.com/hellstar-complexcon-hoodie/,,Hellstar,Hoodie,In Stock,,officialhellstar.com
Hellstar Christ Black T-Shirt,$99.00,$170.00,,,,,,https://officialhellstar.com/wp-content/uploads/2025/03/Black-Hellstar-Christ-T-Shirt.webp,https://officialhellstar.com/hellstar-christ-black-t-shirt/,,Hellstar,Shirt,In Stock,,officialhellstar.com
Hellstar Capsule 4 Black Hoodie,$169.00,$260.00,,,,,,https://officialhellstar.com/wp-content/uploads/2025/03/Black-Hellstar-Capsule-4-Hoodie.webp,https://officialhellstar.com/hellstar-capsule-4-black-hoodie/,,Hellstar,Hoodie,In Stock,,officialhellstar.com
Hellstar Black Airbrushed Skull Hoodie,$169.00,$260.00,,,,,,https://officialhellstar.com/wp-content/uploads/2025/03/Black-Hellstar-Airbrushed-Skull-Hoodie.webp,https://officialhellstar.com/hellstar-black-airbrushed-skull-hoodie/,,Hellstar,Hoodie,In Stock,,officialhellstar.com
Green & Black Hellstar Dragon Graphic Hoodie,$150.00,$250.00,,,,,,https://officialhellstar.com/wp-content/uploads/2025/03/gbdb.png,https://officialhellstar.com/green-black-hellstar-dragon-graphic-hoodie/,,Hellstar,Hoodie,In Stock,,officialhellstar.com
Skull Airbrushed Hoodie,$169.00,$260.00,,,,,,https://officialhellstar.com/wp-content/uploads/2025/05/Airbrushed-skull-hoodie.jpg,https://officialhellstar.com/skull-airbrushed-hoodie/,,Hellstar,Hoodie,In Stock,,officialhellstar.com
Path 2 Paradise 777 T Shirt,$99.00,$170.00,,,,,,https://officialhellstar.com/wp-content/uploads/2025/03/777-Path-2-Paradise-T-Shirt.webp,https://officialhellstar.com/path-2-paradise-777-t-shirt/,,Hellstar,Shirt,In Stock,,officialhellstar.com
Hellstar Studios Black Tracksuit,$245.00,$400.00,,,,,,https://officialhellstar.com/wp-content/uploads/2025/07/Black-Hellstar-Studios-Tracksuit.webp,https://officialhellstar.com/hellstar-studios-black-tracksuit/,,Hellstar,Tracksuit,In Stock,,officialhellstar.com
Black Hellstar Studios Tracksuit,$300.00,$400.00,,,,,,https://officialhellstar.com/wp-content/uploads/2025/07/Black-Hellstar-Studios-Tracksuit.webp,https://officialhellstar.com/black-hellstar-studios-tracksuit/,,Hellstar,Tracksuit,In Stock,,officialhellstar.com
hellstar blue hoodie,$170.00,$200.00,,,,,,https://officialhellstar.com/wp-content/uploads/2025/07/hellstar-blue-hoodie.jpg,https://officialhellstar.com/hellstar-blue-hoodie/,,Hellstar,Hoodie,In Stock,,officialhellstar.com
Hellstar Studios Records Shorts Black,$190.00,$240.00,,,,,,https://officialhellstar.com/wp-content/uploads/2025/07/Hellstar-Studios-Records-Shorts-Black.webp,https://officialhellstar.com/hellstar-studios-records-shorts-black-2/,,Hellstar,Short,In Stock,,officialhellstar.com
Hellstar Warm Up Shorts White,$140.00,$200.00,,,,,,https://officialhellstar.com/wp-content/uploads/2025/07/Hellstar-Warm-Up-Shorts-White.png,https://officialhellstar.com/hellstar-warm-up-shorts-white/,,Hellstar,Short,In Stock,,officialhellstar.com
Hellstar Warm Up Shorts Red,$140.00,$200.00,,,,,,https://officialhellstar.com/wp-content/uploads/2025/07/Hellstar-Warm-Up-Shorts-Red.webp,https://officialhellstar.com/hellstar-warm-up-shorts-red/,,Hellstar,Short,In Stock,,officialhellstar.com
Hellstar Sports Sweatpants Red,$160.00,$200.00,,,,,,https://officialhellstar.com/wp-content/uploads/2025/07/Hellstar-Sports-Sweatpants-Red.webp,https://officialhellstar.com/hellstar-sports-sweatpants-red/,,Hellstar,Sweatpants,In Stock,,officialhellstar.com
Hellstar Sweatpants Yellow,$170.00,$200.00,,,,,,https://officialhellstar.com/wp-content/uploads/2025/07/Hellstar-Sweatpants-Yellow.webp,https://officialhellstar.com/hellstar-sweatpants-yellow/,,Hellstar,Sweatpants,In Stock,,officialhellstar.com
Hellstar No Guts No Glory Closed Elastic Bottom Sweatpants Midnight Dye Black,$160.00,$200.00,,,,,,https://officialhellstar.com/wp-content/uploads/2025/07/Hellstar-No-Guts-No-Glory-Closed-Elastic-Bottom-Sweatpants-Midnight-Dye-Black.webp,https://officialhellstar.com/hellstar-no-guts-no-glory-closed-elastic-bottom-sweatpants-midnight-dye-black/,,Hellstar,Sweatpants,In Stock,,officialhellstar.com
Hellstar Fire Orange Closed Elastic Bottom Sweatpants Orange Dye,$160.00,$200.00,,,,,,https://officialhellstar.com/wp-content/uploads/2025/07/Hellstar-Fire-Orange-Closed-Elastic-Bottom-Sweatpants-Orange-Dye.webp,https://officialhellstar.com/hellstar-fire-orange-closed-elastic-bottom-sweatpants-orange-dye/,,Hellstar,Sweatpants,In Stock,,officialhellstar.com
Hellstar Fire Orange Hellstar Hoodie,$170.00,$200.00,,,,,,https://officialhellstar.com/wp-content/uploads/2025/07/Hellstar-Fire-Orange-Hellstar-Hoodie.webp,https://officialhellstar.com/hellstar-fire-orange-hellstar-hoodie/,,Hellstar,Hoodie,In Stock,,officialhellstar.com
Hellstar Studios Cranium Short Sleeve Tee Shirt Cream,$170.00,$220.00,,,,,,https://officialhellstar.com/wp-content/uploads/2025/07/Hellstar-Studios-Cranium-Short-Sleeve-Tee-Shirt-Cream.webp,https://officialhellstar.com/hellstar-studios-cranium-short-sleeve-tee-shirt-cream/,,Hellstar,Shirt,In Stock,,officialhellstar.com
Hellstar Neuron Tour T-Shirt Light Blue,$170.00,$220.00,,,,,,https://officialhellstar.com/wp-content/uploads/2025/07/Hellstar-Neuron-Tour-T-Shirt-Light-Blue.webp,https://officialhellstar.com/hellstar-neuron-tour-t-shirt-light-blue/,,Hellstar,Shirt,In Stock,,officialhellstar.com
Hellstar Frankenkid T-shirt White,$180.00,$220.00,,,,,,https://officialhellstar.com/wp-content/uploads/2025/07/Hellstar-Frankenkid-T-shirt-White.webp,https://officialhellstar.com/hellstar-frankenkid-t-shirt-white/,,Hellstar,Shirt,In Stock,,officialhellstar.com
Hellstar Eyeball T-shirt White,$180.00,$220.00,,,,,,https://officialhellstar.com/wp-content/uploads/2025/07/Hellstar-Eyeball-T-shirt-White.webp,https://officialhellstar.com/hellstar-eyeball-t-shirt-white/,,Hellstar,Shirt,In Stock,,officialhellstar.com
Hellstar vesus T-Shirt White,$170.00,$200.00,,,,,,https://officialhellstar.com/wp-content/uploads/2025/07/Hellstar-vesus-T-Shirt-White.webp,https://officialhellstar.com/hellstar-vesus-t-shirt-white/,,Hellstar,Shirt,In Stock,,officialhellstar.com
Hellstar Sport Logo T-shirt Black & Orange,$140.00,$200.00,,,,,,https://officialhellstar.com/wp-content/uploads/2025/07/Hellstar-Sport-Logo-T-shirt-Black-Orange.webp,https://officialhellstar.com/hellstar-sport-logo-t-shirt-black-orange/,,Hellstar,Shirt,In Stock,,officialhellstar.com
Hellstar Black T-shirt,$140.00,$170.00,,,,,,https://officialhellstar.com/wp-content/uploads/2025/07/Hellstar-Black-T-shirt.webp,https://officialhellstar.com/hellstar-black-t-shirt/,,Hellstar,Shirt,In Stock,,officialhellstar.com
Hellstar Beat Us! T-shirt Red & Black,$170.00,$200.00,,,,,,https://officialhellstar.com/wp-content/uploads/2025/07/Hellstar-Beat-Us-T-shirt-Red-Black-B.webp,https://officialhellstar.com/hellstar-beat-us-t-shirt-red-black/,,Hellstar,Hoodie,In Stock,,officialhellstar.com
Hellstar Glitter P2P T-shirt Black,$170.00,$200.00,,,,,,https://officialhellstar.com/wp-content/uploads/2025/07/Hellstar-Glitter-P2P-T-shirt-Black.webp,https://officialhellstar.com/hellstar-glitter-p2p-t-shirt-black/,,Hellstar,Shirt,In Stock,,officialhellstar.com
Hellstar Classic T-shirt (Regular Print) White & Brown,$140.00,$200.00,,,,,,https://officialhellstar.com/wp-content/uploads/2025/07/Hellstar-Classic-T-shirt-Regular-Print-White-Blue-b.webp,https://officialhellstar.com/hellstar-classic-t-shirt-regular-print-white-brown/,,Hellstar,Shirt,In Stock,,officialhellstar.com
Hellstar Cartoon Logo Glitter Logo T-shirt Black,$160.00,$200.00,,,,,,https://officialhellstar.com/wp-content/uploads/2025/07/Hellstar-Cartoon-Logo-Glitter-Logo-T-shirt-Black.webp,https://officialhellstar.com/hellstar-cartoon-logo-glitter-logo-t-shirt-black/,,Hellstar,Shirt,In Stock,,officialhellstar.com
Hellstar Classic T-shirt (Regular Print) White & Blue,$140.00,$200.00,,,,,,https://officialhellstar.com/wp-content/uploads/2025/07/Hellstar-Classic-T-shirt-Regular-Print-White-Blue.webp,https://officialhellstar.com/hellstar-classic-t-shirt-regular-print-white-blue/,,Hellstar,Shirt,In Stock,,officialhellstar.com
Hellstar Studios Inner Peace Dark Grey Tee,$100.00,$200.00,,,,,,https://officialhellstar.com/wp-content/uploads/2025/05/Hellstar-Studios-Inner-Peace-Dark-Grey-Tee.webp,https://officialhellstar.com/hellstar-studios-inner-peace-dark-grey-tee/,,Hellstar,Shirt,In Stock,,officialhellstar.com
Hellstar Grey And Pink Hoodie,$169.00,$260.00,,,,,,https://officialhellstar.com/wp-content/uploads/2025/05/Hellstar-Grey-And-Pink-Hoodie.webp,https://officialhellstar.com/hellstar-grey-and-pink-hoodie/,,Hellstar,Hoodie,In Stock,,officialhellstar.com
Hellstar Studios Records Black Tracksuit,$260.00,$350.00,,,,,,https://officialhellstar.com/wp-content/uploads/2025/05/Hellstar-Studios-Records-Black-Tracksuit.webp,https://officialhellstar.com/hellstar-studios-records-black-tracksuit/,,Hellstar,Tracksuit,In Stock,,officialhellstar.com
Hellstar Studios Yoga Tee,$100.00,$200.00,,,,,,https://officialhellstar.com/wp-content/uploads/2025/05/Hellstar-Studios-Yoga-Tee.webp,https://officialhellstar.com/hellstar-studios-yoga-tee/,,Hellstar,Shirt,In Stock,,officialhellstar.com
Hellstar Studios New Tour Hoodie,$169.00,$260.00,,,,,,https://officialhellstar.com/wp-content/uploads/2025/05/Hellstar-Studios-New-Tour-Hoodie.webp,https://officialhellstar.com/hellstar-studios-new-tour-hoodie/,,Hellstar,Hoodie,In Stock,,officialhellstar.com
Hellstar long Sleeve Shirt,$120.00,$200.00,,,,,,https://officialhellstar.com/wp-content/uploads/2025/05/Hellstar-long-Sleeve-Shirt.webp,https://officialhellstar.com/hellstar-long-sleeve-shirt/,,Hellstar,Shirt,In Stock,,officialhellstar.com
Hellstar Tour Hoodie,$169.00,$260.00,,,,,,https://officialhellstar.com/wp-content/uploads/2025/05/Hellstar-Tour-Hoodie.webp,https://officialhellstar.com/hellstar-tour-hoodie/,,Hellstar,Hoodie,In Stock,,officialhellstar.com
Black Hellstar Hoodie,$169.00,$260.00,,,,,,https://officialhellstar.com/wp-content/uploads/2025/05/black-hellstar-Hoodie.webp,https://officialhellstar.com/black-hellstar-hoodie/,,Hellstar,Hoodie,In Stock,,officialhellstar.com
Airbrushed skull hoodie,$169.00,$260.00,,,,,,https://officialhellstar.com/wp-content/uploads/2025/05/Airbrushed-skull-hoodie.jpg,https://officialhellstar.com/airbrushed-skull-hoodie/,,Hellstar,Hoodie,In Stock,,officialhellstar.com
Yellow hellstar Shorts,$100.00,$150.00,,,,,,https://officialhellstar.com/wp-content/uploads/2025/05/Yellow-hellstar-Shorts-1.png,https://officialhellstar.com/yellow-hellstar-shorts/,,Hellstar,Short,In Stock,,officialhellstar.com
Hellstar online t shirt,$119.99,$200.00,,,,,,https://officialhellstar.com/wp-content/uploads/2025/05/Hellstar-online-t-shirt.webp,https://officialhellstar.com/hellstar-online-t-shirt/,,Hellstar,Shirt,In Stock,,officialhellstar.com
Hellstar Goggles t shirt,$119.99,$200.00,,,,,,https://officialhellstar.com/wp-content/uploads/2025/05/0V2A7201-1_5000x-1.jpg,https://officialhellstar.com/hellstar-goggles-t-shirt/,,Hellstar,Shirt,In Stock,,officialhellstar.com
White Dennis Rodman Hellstar T-shirt,$119.99,$200.00,,,,,,https://officialhellstar.com/wp-content/uploads/2025/03/White-Dennis-Rodman-Hellstar-T-shirt.webp,https://officialhellstar.com/white-dennis-rodman-hellstar-t-shirt/,,Hellstar,Shirt,In Stock,,officialhellstar.com
White Blue Beat Us T-Shirt,$119.99,$200.00,,,,,,https://officialhellstar.com/wp-content/uploads/2025/03/White-Blue-Beat-Us-T-Shirt.webp,https://officialhellstar.com/white-blue-beat-us-t-shirt/,,Hellstar,Shirt,In Stock,,officialhellstar.com
Red-No Guts No Glory T-Shirt,$119.99,$200.00,,,,,,https://officialhellstar.com/wp-content/uploads/2025/03/Red-No-Guts-No-Glory-T-Shirt.webp,https://officialhellstar.com/red-no-guts-no-glory-t-shirt/,,Hellstar,Shirt,In Stock,,officialhellstar.com
New White Hellstar Records T-shirt,$119.99,$200.00,,,,,,https://officialhellstar.com/wp-content/uploads/2025/03/New-White-Hellstar-Records-T-shirt.webp,https://officialhellstar.com/new-white-hellstar-records-t-shirt/,,Hellstar,Shirt,In Stock,,officialhellstar.com
New White Hellstar Pixel T-shirt,$119.99,$200.00,,,,,,https://officialhellstar.com/wp-content/uploads/2025/03/New-White-Hellstar-Pixel-T-shirt.webp,https://officialhellstar.com/new-white-hellstar-pixel-t-shirt/,,Hellstar,Shirt,In Stock,,officialhellstar.com
Hellstar Short Sleeve Tee Shirt Blood Red,$119.99,$200.00,,,,,,https://officialhellstar.com/wp-content/uploads/2025/03/Hellstar-Short-Sleeve-Tee-Shirt-Blood-Red.webp,https://officialhellstar.com/hellstar-short-sleeve-tee-shirt-blood-red/,,Hellstar,Shirt,In Stock,,officialhellstar.com
Hellstar Online T-shirt Short Sleeve,$119.99,$200.00,,,,,,https://officialhellstar.com/wp-content/uploads/2025/03/Hellstar-Online-T-shirt-Short-Sleeve.webp,https://officialhellstar.com/hellstar-online-t-shirt-short-sleeve/,,Hellstar,Shirt,In Stock,,officialhellstar.com
Hellstar Love T-shirt Men & Women,$119.99,$200.00,,,,,,https://officialhellstar.com/wp-content/uploads/2025/03/Hellstar-Love-T-shirt-Men-Women.webp,https://officialhellstar.com/hellstar-love-t-shirt-men-women/,,Hellstar,Shirt,In Stock,,officialhellstar.com
Hellstar Jesus Emblem Yellow T-Shirt,$119.99,$200.00,,,,,,https://officialhellstar.com/wp-content/uploads/2025/03/Hellstar-Jesus-Emblem-Yellow-T-Shirt.webp,https://officialhellstar.com/hellstar-jesus-emblem-yellow-t-shirt/,,Hellstar,Shirt,In Stock,,officialhellstar.com
Black Hellstar Goggles T-shirt,$119.99,$200.00,,,,,,https://officialhellstar.com/wp-content/uploads/2025/03/Black-Hellstar-Goggles-T-shirt.webp,https://officialhellstar.com/black-hellstar-goggles-t-shirt/,,Hellstar,Shirt,In Stock,,officialhellstar.com
Hellstar God Speed T-Shirt,$119.99,$200.00,,,,,,https://officialhellstar.com/wp-content/uploads/2025/03/Hellstar-God-Speed-T-Shirt.webp,https://officialhellstar.com/hellstar-god-speed-t-shirt/,,Hellstar,Shirt,In Stock,,officialhellstar.com
Hellstar Crowned Skull T-Shirt,$119.99,$200.00,,,,,,https://officialhellstar.com/wp-content/uploads/2025/03/Hellstar-Crowned-Skull-T-Shirt.webp,https://officialhellstar.com/hellstar-crowned-skull-t-shirt/,,Hellstar,Shirt,In Stock,,officialhellstar.com
Grey-Hellstar Evil Smile T-Shirt,$119.99,$200.00,,,,,,https://officialhellstar.com/wp-content/uploads/2025/03/Grey-Hellstar-Evil-Smile-T-Shirt.webp,https://officialhellstar.com/grey-hellstar-evil-smile-t-shirt/,,Hellstar,Shirt,In Stock,,officialhellstar.com
Grey-Hellstar Enlightenment Club T-Shirt,$119.99,$200.00,,,,,,https://officialhellstar.com/wp-content/uploads/2025/03/Grey-Hellstar-Enlightenment-Club-T-Shirt.webp,https://officialhellstar.com/grey-hellstar-enlightenment-club-t-shirt/,,Hellstar,Shirt,In Stock,,officialhellstar.com
Genuine Hellstar Beautiful Black T-Shirt,$119.99,$200.00,,,,,,https://officialhellstar.com/wp-content/uploads/2025/03/Genuine-Hellstar-Beautiful-Black-T-Shirt.webp,https://officialhellstar.com/genuine-hellstar-beautiful-black-t-shirt/,,Hellstar,Shirt,In Stock,,officialhellstar.com
Breaking News Hellstar T-shirt,$125.00,$199.00,,,,,,https://officialhellstar.com/wp-content/uploads/2025/03/Breaking-News-Hellstar-T-shirt.webp,https://officialhellstar.com/breaking-news-hellstar-t-shirt/,,Hellstar,Shirt,In Stock,,officialhellstar.com
Black-Hellstar Christ T-Shirt,$125.00,$199.00,,,,,,https://officialhellstar.com/wp-content/uploads/2025/03/Black-Hellstar-Christ-T-Shirt.webp,https://officialhellstar.com/black-hellstar-christ-t-shirt/,,Hellstar,Shirt,In Stock,,officialhellstar.com
Black Hellstar Studios Heaven Sounds T-shirt,$125.00,$199.00,,,,,,https://officialhellstar.com/wp-content/uploads/2025/03/Black-Hellstar-Studios-Heaven-Sounds-T-shirt.webp,https://officialhellstar.com/black-hellstar-studios-heaven-sounds-t-shirt/,,Hellstar,Shirt,In Stock,,officialhellstar.com
Black Hellstar Short Sleeve Tee Shirt,$125.00,$199.00,,,,,,https://officialhellstar.com/wp-content/uploads/2025/03/Black-Hellstar-Short-Sleeve-Tee-Shirt.webp,https://officialhellstar.com/black-hellstar-short-sleeve-tee-shirt/,,Hellstar,Shirt,In Stock,,officialhellstar.com
Black- Hellstar Knock Out T-Shirt,$125.00,$199.00,,,,,,https://officialhellstar.com/wp-content/uploads/2025/03/Black-Hellstar-Knock-Out-T-Shirt.webp,https://officialhellstar.com/black-hellstar-knock-out-t-shirt/,,Hellstar,Shirt,In Stock,,officialhellstar.com
777 Path 2 Paradise T-Shirt,$125.00,$199.00,,,,,,https://officialhellstar.com/wp-content/uploads/2025/03/777-Path-2-Paradise-T-Shirt.webp,https://officialhellstar.com/777-path-2-paradise-t-shirt/,,Hellstar,Shirt,In Stock,,officialhellstar.com
Hellstar Vintage Shorts For Men & Women,$99.00,$130.00,,,,,,https://officialhellstar.com/wp-content/uploads/2025/03/Hellstar-Vintage-Shorts-For-Men-Women.webp,https://officialhellstar.com/hellstar-vintage-shorts-for-men-women/,,Hellstar,Short,In Stock,,officialhellstar.com
Hellstar Pink Shorts For Men & Women,$99.00,$130.00,,,,,,https://officialhellstar.com/wp-content/uploads/2025/03/Hellstar-Pink-Shorts-For-Men-Women.png,https://officialhellstar.com/hellstar-pink-shorts-for-men-women/,,Hellstar,Short,In Stock,,officialhellstar.com
Hellstar Flame Paradise Shorts For Unisex,$99.00,$130.00,,,,,,https://officialhellstar.com/wp-content/uploads/2025/03/Hellstar-Flame-Paradise-Shorts-For-Unisex.webp,https://officialhellstar.com/hellstar-flame-paradise-shorts-for-unisex/,,Hellstar,Short,In Stock,,officialhellstar.com
Hellstar Camo Embroidered Shorts Men & Women,$99.00,$130.00,,,,,,https://officialhellstar.com/wp-content/uploads/2025/03/Hellstar-Camo-Embroidered-Shorts-Men-Women.webp,https://officialhellstar.com/hellstar-camo-embroidered-shorts-men-women/,,Hellstar,Short,In Stock,,officialhellstar.com
Grey Hellstar Snap Shorts,$99.00,$130.00,,,,,,https://officialhellstar.com/wp-content/uploads/2025/03/Grey-Hellstar-Snap-Shorts.webp,https://officialhellstar.com/grey-hellstar-snap-shorts/,,Hellstar,Short,In Stock,,officialhellstar.com
Genuine Hellstar Flame Shorts Grey,$99.00,$130.00,,,,,,https://officialhellstar.com/wp-content/uploads/2025/03/Genuine-Hellstar-Flame-Shorts-Grey.webp,https://officialhellstar.com/genuine-hellstar-flame-shorts-grey/,,Hellstar,Short,In Stock,,officialhellstar.com
Black-Hellstar Sports Jet Tracksuit,$260.00,$350.00,,,,,,https://officialhellstar.com/wp-content/uploads/2025/03/Black-Hellstar-Sports-Jet-Tracksuit1.webp,https://officialhellstar.com/black-hellstar-sports-jet-tracksuit/,,Hellstar,Tracksuit,In Stock,,officialhellstar.com
Buy Hellstar Sports Tracksuit Grey,$260.00,$350.00,,,,,,https://officialhellstar.com/wp-content/uploads/2025/03/Buy-Hellstar-Sports-Tracksuit-Grey.webp,https://officialhellstar.com/buy-hellstar-sports-tracksuit-grey/,,Hellstar,Tracksuit,In Stock,,officialhellstar.com
Black-Hellstar Sports Future Flame Tracksuit,$260.00,$350.00,,,,,,https://officialhellstar.com/wp-content/uploads/2025/03/Black-Hellstar-Sports-Future-Flame-Tracksuit.webp,https://officialhellstar.com/black-hellstar-sports-future-flame-tracksuit/,,Hellstar,Tracksuit,In Stock,,officialhellstar.com
Blue-Hellstar No Guts No Glory! Tracksuit,$260.00,$350.00,,,,,,https://officialhellstar.com/wp-content/uploads/2025/03/Blue-Hellstar-No-Guts-No-Glory-Tracksuit.webp,https://officialhellstar.com/blue-hellstar-no-guts-no-glory-tracksuit/,,Hellstar,Tracksuit,In Stock,,officialhellstar.com
Yellow-Hellstar Sport Tracksuit,$260.00,$350.00,,,,,,https://officialhellstar.com/wp-content/uploads/2025/03/Yellow-Hellstar-Sport-Tracksuit.webp,https://officialhellstar.com/yellow-hellstar-sport-tracksuit/,,Hellstar,Tracksuit,In Stock,,officialhellstar.com
Red-Hellstar Studios Records Tracksuit,$260.00,$350.00,,,,,,https://officialhellstar.com/wp-content/uploads/2025/03/Red-Hellstar-Studios-Records-Tracksuit.webp,https://officialhellstar.com/red-hellstar-studios-records-tracksuit/,,Hellstar,Tracksuit,In Stock,,officialhellstar.com
Hellstar If You Don t Like Us Beat Us Tracksuit,$260.00,$350.00,,,,,,https://officialhellstar.com/wp-content/uploads/2025/03/Hellstar-If-You-Dont-Like-Us-Beat-Us-Tracksuit.webp,https://officialhellstar.com/hellstar-if-you-don-t-like-us-beat-us-tracksuit/,,Hellstar,Tracksuit,In Stock,,officialhellstar.com
Black-Love Hellstar Life Hoodie,$169.00,$260.00,,,,,,https://officialhellstar.com/wp-content/uploads/2025/03/Black-Love-Hellstar-Life-Hoodie.webp,https://officialhellstar.com/black-love-hellstar-life-hoodie/,,Hellstar,Hoodie,In Stock,,officialhellstar.com
Black-Hellstar Studios Speed Hoodie,$169.00,$260.00,,,,,,https://officialhellstar.com/wp-content/uploads/2025/03/Black-Hellstar-Studios-Speed-Hoodie.webp,https://officialhellstar.com/black-hellstar-studios-speed-hoodie/,,Hellstar,Hoodie,In Stock,,officialhellstar.com
Black-Hellstar Vintage Washed Hoodie,$169.00,$260.00,,,,,,https://officialhellstar.com/wp-content/uploads/2025/03/Black-Hellstar-Vintage-Washed-Hoodie.webp,https://officialhellstar.com/black-hellstar-vintage-washed-hoodie/,,Hellstar,Hoodie,In Stock,,officialhellstar.com
Black-Hellstar Tour Hoodie,$169.00,$260.00,,,,,,https://officialhellstar.com/wp-content/uploads/2025/03/Black-Hellstar-Tour-Hoodie.webp,https://officialhellstar.com/black-hellstar-tour-hoodie/,,Hellstar,Hoodie,In Stock,,officialhellstar.com
Black-Hellstar Studios Classic Hoodie,$169.00,$260.00,,,,,,https://officialhellstar.com/wp-content/uploads/2025/03/Black-Hellstar-Studios-Classic-Hoodie.webp,https://officialhellstar.com/black-hellstar-studios-classic-hoodie/,,Hellstar,Hoodie,In Stock,,officialhellstar.com
Black-Hellstar Stay in Peace Hoodie,$169.00,$260.00,,,,,,https://officialhellstar.com/wp-content/uploads/2025/03/Black-Hellstar-Stay-in-Peace-Hoodie.webp,https://officialhellstar.com/black-hellstar-stay-in-peace-hoodie/,,Hellstar,Hoodie,In Stock,,officialhellstar.com
Black-Hellstar Sports Jet Hoodie,$169.00,$260.00,,,,,,https://officialhellstar.com/wp-content/uploads/2025/03/Black-Hellstar-Sports-Jet-Hoodie.webp,https://officialhellstar.com/black-hellstar-sports-jet-hoodie/,,Hellstar,Hoodie,In Stock,,officialhellstar.com
Black-Hellstar Sports Future Flame Hoodie,$169.00,$260.00,,,,,,https://officialhellstar.com/wp-content/uploads/2025/03/Black-Hellstar-Sports-Future-Flame-Hoodie.webp,https://officialhellstar.com/black-hellstar-sports-future-flame-hoodie/,,Hellstar,Hoodie,In Stock,,officialhellstar.com
Black-Hellstar Pullover Hoodie,$169.00,$260.00,,,,,,https://officialhellstar.com/wp-content/uploads/2025/03/Black-Hellstar-Pullover-Hoodie.webp,https://officialhellstar.com/black-hellstar-pullover-hoodie/,,Hellstar,Hoodie,In Stock,,officialhellstar.com
Black-Hellstar Spiritual Olympics Hoodie,$169.00,$260.00,,,,,,https://officialhellstar.com/wp-content/uploads/2025/03/Black-Hellstar-Spiritual-Olympics-Hoodie.webp,https://officialhellstar.com/black-hellstar-spiritual-olympics-hoodie/,,Hellstar,Hoodie,In Stock,,officialhellstar.com
Black-Hellstar Complexcon Hoodie,$169.00,$260.00,,,,,,https://officialhellstar.com/wp-content/uploads/2025/03/Black-Hellstar-Complexcon-Hoodie.webp,https://officialhellstar.com/black-hellstar-complexcon-hoodie/,,Hellstar,Hoodie,In Stock,,officialhellstar.com
Black-Hellstar Liberty City of Love Hoodie,$169.00,$260.00,,,,,,https://officialhellstar.com/wp-content/uploads/2025/03/Black-Hellstar-Liberty-City-of-Love-Hoodie.webp,https://officialhellstar.com/black-hellstar-liberty-city-of-love-hoodie/,,Hellstar,Hoodie,In Stock,,officialhellstar.com
Black-Hellstar Capsule 4 Hoodie,$169.00,$260.00,,,,,,https://officialhellstar.com/wp-content/uploads/2025/03/Black-Hellstar-Capsule-4-Hoodie.webp,https://officialhellstar.com/black-hellstar-capsule-4-hoodie/,,Hellstar,Hoodie,In Stock,,officialhellstar.com
Black-Hellstar Airbrushed Skull Hoodie,$169.00,$260.00,,,,,,https://officialhellstar.com/wp-content/uploads/2025/03/Black-Hellstar-Airbrushed-Skull-Hoodie.webp,https://officialhellstar.com/black-hellstar-airbrushed-skull-hoodie/,,Hellstar,Hoodie,In Stock,,officialhellstar.com
Black Red-Hellstar Sports Hoodie,$169.00,$260.00,,,,,,https://officialhellstar.com/wp-content/uploads/2025/03/Black-Red-Hellstar-Sports-Hoodie.webp,https://officialhellstar.com/black-red-hellstar-sports-hoodie/,,Hellstar,Hoodie,In Stock,,officialhellstar.com
Black White-I Love Hellstar Summer Love Hoodie,$150.00,$250.00,,,,,,https://officialhellstar.com/wp-content/uploads/2025/03/Black-White-I-Love-Hellstar-Summer-Love-Hoodie.webp,https://officialhellstar.com/black-white-i-love-hellstar-summer-love-hoodie/,,Hellstar,Hoodie,In Stock,,officialhellstar.com
If You Don’t Like Us Beat Us Hoodie,$150.00,$250.00,,,,,,https://officialhellstar.com/wp-content/uploads/2025/03/If-You-Dont-Like-Us-Beat-Us-Hoodie.webp,https://officialhellstar.com/if-you-dont-like-us-beat-us-hoodie/,,Hellstar,Hoodie,In Stock,,officialhellstar.com
Black & Green-Hellstar Dragon Graphic Hoodie,$150.00,$250.00,,,,,,https://officialhellstar.com/wp-content/uploads/2025/03/gbdb.png,https://officialhellstar.com/black-green-hellstar-dragon-graphic-hoodie/,,Hellstar,Hoodie,In Stock,,officialhellstar.com
Blue-Hellstar Uniform Hoodie,$150.00,$250.00,,,,,,https://officialhellstar.com/wp-content/uploads/2025/03/Blue-Hellstar-Uniform-Hoodie.webp,https://officialhellstar.com/blue-hellstar-uniform-hoodie/,,Hellstar,Hoodie,In Stock,,officialhellstar.com
Blue-Hellstar Sports Gel Hoodie,$150.00,$250.00,,,,,,https://officialhellstar.com/wp-content/uploads/2025/03/Blue-Hellstar-Sports-Gel-Hoodie.webp,https://officialhellstar.com/blue-hellstar-sports-gel-hoodie/,,Hellstar,Hoodie,In Stock,,officialhellstar.com
Get Hellstar Sport Hoodie Black,$150.00,$250.00,,,,,,https://officialhellstar.com/wp-content/uploads/2025/03/Get-Hellstar-Sport-Hoodie-Black.webp,https://officialhellstar.com/get-hellstar-sport-hoodie-black/,,Hellstar,Hoodie,In Stock,,officialhellstar.com
Blue-Hellstar No Guts No Glory! Hoodie,$150.00,$250.00,,,,,,https://officialhellstar.com/wp-content/uploads/2025/03/Blue-Hellstar-No-Guts-No-Glory-Hoodie.webp,https://officialhellstar.com/blue-hellstar-no-guts-no-glory-hoodie/,,Hellstar,Hoodie,In Stock,,officialhellstar.com
Hellstar Kiss Me I Am Hellstar Hoodies,$150.00,$250.00,,,,,,https://officialhellstar.com/wp-content/uploads/2025/03/Hellstar-Kiss-Me-I-Am-Hellstar-Hoodies.webp,https://officialhellstar.com/hellstar-kiss-me-i-am-hellstar-hoodies/,,Hellstar,Hoodie,In Stock,,officialhellstar.com
Gray-Hellstar Uniform Hoodie For Men’s,$150.00,$250.00,,,,,,https://officialhellstar.com/wp-content/uploads/2025/03/Gray-Hellstar-Uniform-Hoodie-For-Mens.webp,https://officialhellstar.com/gray-hellstar-uniform-hoodie-for-mens/,,Hellstar,Hoodie,In Stock,,officialhellstar.com
Hellstar Hoodie For Men’s,$150.00,$250.00,,,,,,https://officialhellstar.com/wp-content/uploads/2025/03/Hellstar-Hoodie-For-Mens.webp,https://officialhellstar.com/hellstar-hoodie-for-mens/,,Hellstar,Hoodie,In Stock,,officialhellstar.com
Hellstar Bad Boy Hoodie,$150.00,$250.00,,,,,,https://officialhellstar.com/wp-content/uploads/2025/03/Hellstar-Bad-Boy-Hoodie.webp,https://officialhellstar.com/hellstar-bad-boy-hoodie/,,Hellstar,Hoodie,In Stock,,officialhellstar.com
New Green Hellstar Hoodie Path to Paradise For Men & Women,$150.00,$250.00,,,,,,https://officialhellstar.com/wp-content/uploads/2025/03/New-Green-Hellstar-Hoodie-Path-to-Paradise-For-Men-Women.jpg,https://officialhellstar.com/new-green-hellstar-hoodie-path-to-paradise-for-men-women/,,Hellstar,Hoodie,In Stock,,officialhellstar.com
New Black Hellstar Path to Paradise Hoodie For Men & Women,$150.00,$250.00,,,,,,https://officialhellstar.com/wp-content/uploads/2025/03/New-Black-Hellstar-Path-to-Paradise-Hoodie-For-Men-Women.webp,https://officialhellstar.com/new-black-hellstar-path-to-paradise-hoodie-for-men-women/,,Hellstar,Hoodie,In Stock,,officialhellstar.com
Red Hellstar Vintage Hoodie For Men & Women,$150.00,$250.00,,,,,,https://officialhellstar.com/wp-content/uploads/2025/03/Red-Hellstar-Vintage-Hoodie-For-Men-Women.png,https://officialhellstar.com/red-hellstar-vintage-hoodie-for-men-women/,,Hellstar,Hoodie,In Stock,,officialhellstar.com
Red Hellstar Records Fire Face Hoodie,$150.00,$250.00,,,,,,https://officialhellstar.com/wp-content/uploads/2025/03/Red-Hellstar-Records-Fire-Face-Hoodie.webp,https://officialhellstar.com/red-hellstar-records-fire-face-hoodie/,,Hellstar,Hoodie,In Stock,,officialhellstar.com
Sound Like Heaven Hellstar Hoodie,$150.00,$250.00,,,,,,https://officialhellstar.com/wp-content/uploads/2025/03/Sound-Like-Heaven-Hellstar-Hoodie.webp,https://officialhellstar.com/sound-like-heaven-hellstar-hoodie/,,Hellstar,Hoodie,In Stock,,officialhellstar.com
Yellow-Hellstar Sports Zip-Up,$150.00,$250.00,,,,,,https://officialhellstar.com/wp-content/uploads/2025/03/Yellow-Hellstar-Sports-Zip-Up.png,https://officialhellstar.com/yellow-hellstar-sports-zip-up/,,Hellstar,Hoodie,In Stock,,officialhellstar.com
Hellstar Future (Red) T-Shirt,$125.00,$199.00,,,,,,https://officialhellstar.com/wp-content/uploads/2024/08/Hellstar-Future-Red-T-Shirt.webp,https://officialhellstar.com/hellstar-future-red-t-shirt/,,Hellstar,Shirt,In Stock,,officialhellstar.com
Hellstar Future T-Shirt,$125.00,$199.00,,,,,,https://officialhellstar.com/wp-content/uploads/2024/08/Hellstar-Future-T-Shirt.webp,https://officialhellstar.com/hellstar-future-t-shirt/,,Hellstar,Shirt,In Stock,,officialhellstar.com
Hellstar Graphic Black T-Shirt,$125.00,$199.00,,,,,,https://officialhellstar.com/wp-content/uploads/2024/08/Hellstar-Graphic-Black-T-Shirt.webp,https://officialhellstar.com/hellstar-graphic-black-t-shirt/,,Hellstar,Shirt,In Stock,,officialhellstar.com
Hellstar Graphic Brown T-Shirt,$125.00,$199.00,,,,,,https://officialhellstar.com/wp-content/uploads/2024/08/Hellstar-Graphic-Brown-T-Shirt.webp,https://officialhellstar.com/hellstar-graphic-brown-t-shirt/,,Hellstar,Shirt,In Stock,,officialhellstar.com
Hellstar Electric Kid T-Shirts,$125.00,$199.00,,,,,,https://officialhellstar.com/wp-content/uploads/2024/08/Hellstar-EPT-T-Shirt-Cream.webp,https://officialhellstar.com/hellstar-electric-kid-t-shirts/,,Hellstar,Shirt,In Stock,,officialhellstar.com
Hellstar Electric Kid T-Shirt,$125.00,$199.00,,,,,,https://officialhellstar.com/wp-content/uploads/2024/08/Hellstar-Electric-Kid-T-Shirt.webp,https://officialhellstar.com/hellstar-electric-kid-t-shirt/,,Hellstar,Shirt,In Stock,,officialhellstar.com
Hellstar Eyeball T-Shirt,$125.00,$199.00,,,,,,https://officialhellstar.com/wp-content/uploads/2024/08/Hellstar-Eyeball-T-Shirt.webp,https://officialhellstar.com/hellstar-eyeball-t-shirt/,,Hellstar,Shirt,In Stock,,officialhellstar.com
Hellstar Graphic Red T-Shirt,$125.00,$199.00,,,,,,https://officialhellstar.com/wp-content/uploads/2024/08/Hellstar-Graphic-Red-T-Shirt.webp,https://officialhellstar.com/hellstar-graphic-red-t-shirt/,,Hellstar,Shirt,In Stock,,officialhellstar.com
Hellstar Studios Victory Thermal Long Sleeve,$150.00,$210.00,,,,,,https://officialhellstar.com/wp-content/uploads/2024/08/Hellstar-Studios-Victory-Thermal-Long-Sleeve.webp,https://officialhellstar.com/hellstar-studios-victory-thermal-long-sleeve/,,Hellstar,Sweater,In Stock,,officialhellstar.com
Hellstar Studios Records Sweater Grey,$150.00,$210.00,,,,,,https://officialhellstar.com/wp-content/uploads/2024/08/Hellstar-Studios-Records-Sweater-Grey1.webp,https://officialhellstar.com/hellstar-studios-records-sweater-grey/,,Hellstar,Sweater,In Stock,,officialhellstar.com
Hellstar Studios Records Sweater Black,$150.00,$210.00,,,,,,https://officialhellstar.com/wp-content/uploads/2024/08/Hellstar-Studios-Records-Sweater-Black1.webp,https://officialhellstar.com/hellstar-studios-records-sweater-black/,,Hellstar,Sweater,In Stock,,officialhellstar.com
Hellstar Studios Records Long Sleeve T-Shirt Sweater,$150.00,$210.00,,,,,,https://officialhellstar.com/wp-content/uploads/2024/08/Hellstar-Studios-Records-Long-Sleeve-T-Shirt-Sweater.webp,https://officialhellstar.com/hellstar-studios-records-long-sleeve-t-shirt-sweater/,,Hellstar,Sweater,In Stock,,officialhellstar.com
Hellstar Powered By The Star Long Sleeve,$150.00,$210.00,,,,,,https://officialhellstar.com/wp-content/uploads/2024/08/Hellstar-Powered-By-The-Star-Long-Sleeve.webp,https://officialhellstar.com/hellstar-powered-by-the-star-long-sleeve/,,Hellstar,Sweater,In Stock,,officialhellstar.com
Hellstar Studios Records Yoga Tracksuit Blue,$260.00,$350.00,,,,,,https://officialhellstar.com/wp-content/uploads/2024/08/Hellstar-Studios-Records-Yoga-Tracksuit-Blue.webp,https://officialhellstar.com/hellstar-studios-records-yoga-tracksuit-blue/,,Hellstar,Tracksuit,In Stock,,officialhellstar.com
Hellstar Studios Records Yoga Tracksuit Black,$260.00,$350.00,,,,,,https://officialhellstar.com/wp-content/uploads/2024/08/Hellstar-Studios-Records-Yoga-Tracksuit-Black.webp,https://officialhellstar.com/hellstar-studios-records-yoga-tracksuit-black/,,Hellstar,Tracksuit,In Stock,,officialhellstar.com
Hellstar Studios Records Vintage Tracksuit Black,$260.00,$350.00,,,,,,https://officialhellstar.com/wp-content/uploads/2024/08/Hellstar-Studios-Records-Vintage-Tracksuit-Black.webp,https://officialhellstar.com/hellstar-studios-records-vintage-tracksuit-black/,,Hellstar,Tracksuit,In Stock,,officialhellstar.com
Hellstar Pixel Long Sleeve,$150.00,$210.00,,,,,,https://officialhellstar.com/wp-content/uploads/2024/08/Hellstar-Pixel-Long-Sleeve1.webp,https://officialhellstar.com/hellstar-pixel-long-sleeve/,,Hellstar,Sweater,In Stock,,officialhellstar.com
Hellstar Studios Records Star Shorts Black,$99.00,$130.00,,,,,,https://officialhellstar.com/wp-content/uploads/2024/08/Hellstar-Studios-Records-Star-Shorts-Black.webp,https://officialhellstar.com/hellstar-studios-records-star-shorts-black/,,Hellstar,Short,In Stock,,officialhellstar.com
Hellstar Studios Records Shorts Pink,$99.00,$130.00,,,,,,https://officialhellstar.com/wp-content/uploads/2024/08/Hellstar-Studios-Records-Shorts-Pink.webp,https://officialhellstar.com/hellstar-studios-records-shorts-pink/,,Hellstar,Short,In Stock,,officialhellstar.com
Hellstar Studios Records Shorts Grey,$99.00,$130.00,,,,,,https://officialhellstar.com/wp-content/uploads/2024/08/Hellstar-Studios-Records-Shorts-Grey1.webp,https://officialhellstar.com/hellstar-studios-records-shorts-grey/,,Hellstar,Short,In Stock,,officialhellstar.com
Hellstar Studios Records Shorts Black,$99.00,$130.00,,,,,,https://officialhellstar.com/wp-content/uploads/2024/08/Hellstar-Studios-Records-Shorts-Black1.webp,https://officialhellstar.com/hellstar-studios-records-shorts-black/,,Hellstar,Short,In Stock,,officialhellstar.com
Hellstar Studios Classic Shorts Black,$99.00,$130.00,,,,,,https://officialhellstar.com/wp-content/uploads/2024/08/Hellstar-Studios-Classic-Shorts-Black.webp,https://officialhellstar.com/hellstar-studios-classic-shorts-black/,,Hellstar,Short,In Stock,,officialhellstar.com
HELLSTAR – Sweater,$150.00,$210.00,,,,,,https://officialhellstar.com/wp-content/uploads/2024/08/HELLSTAR-–-Sweater.webp,https://officialhellstar.com/hellstar-sweater/,,Hellstar,Sweater,In Stock,,officialhellstar.com
Hellstar Studios Records Yoga Sweatpants Blue,$135.00,$200.00,,,,,,https://officialhellstar.com/wp-content/uploads/2024/08/Hellstar-Studios-Records-Yoga-Sweatpants-Blue.webp,https://officialhellstar.com/hellstar-studios-records-yoga-sweatpants-blue/,,Hellstar,Pants,In Stock,,officialhellstar.com
Hellstar Studios Racer Flare Sweatpants Black,$135.00,$200.00,,,,,,https://officialhellstar.com/wp-content/uploads/2024/08/Hellstar-Studios-Racer-Flare-Sweatpants-Black.webp,https://officialhellstar.com/hellstar-studios-racer-flare-sweatpants-black/,,Hellstar,Pants,In Stock,,officialhellstar.com
Hellstar Studios Records Yoga Sweatpants Black,$135.00,$200.00,,,,,,https://officialhellstar.com/wp-content/uploads/2024/08/Hellstar-Studios-Records-Yoga-Sweatpants-Black.webp,https://officialhellstar.com/hellstar-studios-records-yoga-sweatpants-black/,,Hellstar,Pants,In Stock,,officialhellstar.com
HELLSTAR TRACK PANTS “BLACK”,$135.00,$200.00,,,,,,https://officialhellstar.com/wp-content/uploads/2024/08/HELLSTAR-TRACK-PANTS-BLACK1.webp,https://officialhellstar.com/hellstar-track-pants-black/,,Hellstar,Pants,In Stock,,officialhellstar.com
Hellstar Path To Paradise Shorts Black,$99.00,$130.00,,,,,,https://officialhellstar.com/wp-content/uploads/2024/08/Hellstar-Path-To-Paradise-Shorts-Black.webp,https://officialhellstar.com/hellstar-path-to-paradise-shorts-black/,,Hellstar,Short,In Stock,,officialhellstar.com
Hellstar Uniform Hoodie Black,$150.00,$250.00,,,,,,https://officialhellstar.com/wp-content/uploads/2024/08/Hellstar-Uniform-Hoodie-Black.webp,https://officialhellstar.com/hellstar-uniform-hoodie-black/,,Hellstar,Hoodie,In Stock,,officialhellstar.com
Hellstar Chrome Logo T-Shirt,$125.00,$199.00,,,,,,https://officialhellstar.com/wp-content/uploads/2024/08/Hellstar-Chrome-Logo-T-Shirt.webp,https://officialhellstar.com/hellstar-chrome-logo-t-shirt/,,Hellstar,Shirt,In Stock,,officialhellstar.com
Hellstar Classic T-Shirt,$125.00,$199.00,,,,,,https://officialhellstar.com/wp-content/uploads/2024/08/Hellstar-Classic-T-Shirt.webp,https://officialhellstar.com/hellstar-classic-t-shirt/,,Hellstar,Shirt,In Stock,,officialhellstar.com
Hellstar Studios Flame Sweatpants Grey,$135.00,$200.00,,,,,,https://officialhellstar.com/wp-content/uploads/2024/08/Hellstar-Studios-Flame-Sweatpants-Grey.webp,https://officialhellstar.com/hellstar-studios-flame-sweatpants-grey/,,Hellstar,Sweatpants,In Stock,,officialhellstar.com
Hellstar Studios Flame Sweatpants Red,$135.00,$200.00,,,,,,https://officialhellstar.com/wp-content/uploads/2024/08/Hellstar-Studios-Flame-Sweatpants-Red.webp,https://officialhellstar.com/hellstar-studios-flame-sweatpants-red/,,Hellstar,Pants,In Stock,,officialhellstar.com
Hellstar Flame Flare Sweatpants Green,$135.00,$200.00,,,,,,https://officialhellstar.com/wp-content/uploads/2024/08/Hellstar-Flame-Flare-Sweatpants-Green.webp,https://officialhellstar.com/hellstar-flame-flare-sweatpants-green/,,Hellstar,Pants,In Stock,,officialhellstar.com
Hellstar Flame Flare Sweatpants Black,$135.00,$200.00,,,,,,https://officialhellstar.com/wp-content/uploads/2024/08/Hellstar-Flame-Flare-Sweatpants-Black.webp,https://officialhellstar.com/hellstar-flame-flare-sweatpants-black/,,Hellstar,Pants,In Stock,,officialhellstar.com
Hellstar Studios Flame Sweatpants Pink,$135.00,$200.00,,,,,,https://officialhellstar.com/wp-content/uploads/2024/08/Hellstar-Studios-Flame-Sweatpants-Pink.webp,https://officialhellstar.com/hellstar-studios-flame-sweatpants-pink/,,Hellstar,Sweatpants,In Stock,,officialhellstar.com
Hellstar Studios Summer Love Hoodie White,$150.00,$250.00,,,,,,https://officialhellstar.com/wp-content/uploads/2024/08/7y7.webp,https://officialhellstar.com/hellstar-studios-summer-love-hoodie-white/,,Hellstar,Hoodie,In Stock,,officialhellstar.com
Hellstar Enlightenment Sweatpants Grey,$135.00,$200.00,,,,,,https://officialhellstar.com/wp-content/uploads/2024/08/Hellstar-Enlightenment-Sweatpants-Grey.webp,https://officialhellstar.com/hellstar-enlightenment-sweatpants-grey/,,Hellstar,Sweatpants,In Stock,,officialhellstar.com
Hellstar Studios Red Hoodie,$150.00,$250.00,,,,,,https://officialhellstar.com/wp-content/uploads/2024/08/Hellstar-Studios-Red-Hoodie.webp,https://officialhellstar.com/hellstar-studios-red-hoodie/,,Hellstar,Hoodie,In Stock,,officialhellstar.com
Hellstar Studios Records Zip Hoodie Black,$155.00,$260.00,,,,,,https://officialhellstar.com/wp-content/uploads/2024/08/Hellstar-Studios-Records-Zip-Hoodie-Black.webp,https://officialhellstar.com/hellstar-studios-records-zip-hoodie-black/,,Hellstar,Hoodie,In Stock,,officialhellstar.com
Hellstar Studios Records Yoga Hoodie Blue,$155.00,$260.00,,,,,,https://officialhellstar.com/wp-content/uploads/2024/08/Hellstar-Studios-Records-Yoga-Hoodie-Blue.webp,https://officialhellstar.com/hellstar-studios-records-yoga-hoodie-blue/,,Hellstar,Hoodie,In Stock,,officialhellstar.com
Hellstar Attacks T-Shirt,$125.00,$199.00,,,,,,https://officialhellstar.com/wp-content/uploads/2024/08/Hellstar-Attacks-T-Shirt.webp,https://officialhellstar.com/hellstar-attacks-t-shirt/,,Hellstar,Shirt,In Stock,,officialhellstar.com
Hellstar Studios Records Yoga Hoodie Black,$155.00,$260.00,,,,,,https://officialhellstar.com/wp-content/uploads/2024/08/Hellstar-Studios-Records-Yoga-Hoodie-Black.webp,https://officialhellstar.com/hellstar-studios-records-yoga-hoodie-black/,,Hellstar,Hoodie,In Stock,,officialhellstar.com
Hellstar Studios Records Hoodie Red,$155.00,$260.00,,,,,,https://officialhellstar.com/wp-content/uploads/2024/08/Hellstar-Studios-Records-Hoodie-Red.webp,https://officialhellstar.com/hellstar-studios-records-hoodie-red/,,Hellstar,Hoodie,In Stock,,officialhellstar.com
Hellstar Anatomy T-Shirt White,$125.00,$199.00,,,,,,https://officialhellstar.com/wp-content/uploads/2024/08/Hellstar-Anatomy-T-Shirt-White.webp,https://officialhellstar.com/hellstar-anatomy-t-shirt-white/,,Hellstar,Shirt,In Stock,,officialhellstar.com
Hellstar Brainwashed World Tour T-Shirt,$125.00,$199.00,,,,,,https://officialhellstar.com/wp-content/uploads/2024/08/Hellstar-Brainwashed-World-Tour-T-Shirt.webp,https://officialhellstar.com/hellstar-brainwashed-world-tour-t-shirt/,,Hellstar,Shirt,In Stock,,officialhellstar.com
Hellstar Studios Records Hoodie Black,$155.00,$260.00,,,,,,https://officialhellstar.com/wp-content/uploads/2024/08/Hellstar-Studios-Records-Hoodie-Black.webp,https://officialhellstar.com/hellstar-studios-records-hoodie-black/,,Hellstar,Hoodie,In Stock,,officialhellstar.com
Hellstar Studios Records Amercian Hoodie Black,$155.00,$260.00,,,,,,https://officialhellstar.com/wp-content/uploads/2024/08/Hellstar-Studios-Records-Amercian-Hoodie-Black.webp,https://officialhellstar.com/hellstar-studios-records-amercian-hoodie-black/,,Hellstar,Hoodie,In Stock,,officialhellstar.com
Hellstar Studios Future Hoodie Grey,$155.00,$260.00,,,,,,https://officialhellstar.com/wp-content/uploads/2024/08/Hellstar-Studios-Future-Hoodie-Grey.webp,https://officialhellstar.com/hellstar-studios-future-hoodie-grey/,,Hellstar,Hoodie,In Stock,,officialhellstar.com
Hellstar Sport Hoodie Black,$155.00,$260.00,,,,,,https://officialhellstar.com/wp-content/uploads/2024/08/Hellstar-Sport-Hoodie-Black.webp,https://officialhellstar.com/hellstar-sport-hoodie-black/,,Hellstar,Hoodie,In Stock,,officialhellstar.com
Hellstar 1998 Records T-Shirt White,$90.00,$160.00,,,,,,https://officialhellstar.com/wp-content/uploads/2024/08/Hellstar-1998-Records-T-Shirt-White.webp,https://officialhellstar.com/hellstar-1998-records-t-shirt-white/,,Hellstar,Shirt,In Stock,,officialhellstar.com
Hellstar Racer Hooded Vintage Black,$155.00,$260.00,,,,,,https://officialhellstar.com/wp-content/uploads/2024/08/Hellstar-Racer-Hooded-Vintage-Black.webp,https://officialhellstar.com/hellstar-racer-hooded-vintage-black/,,Hellstar,Hoodie,In Stock,,officialhellstar.com
Hellstar Future Flame Hoodie,$155.00,$260.00,,,,,,https://officialhellstar.com/wp-content/uploads/2024/08/Hellstar-Future-Flame-Hoodie.webp,https://officialhellstar.com/hellstar-future-flame-hoodie/,,Hellstar,Hoodie,In Stock,,officialhellstar.com
Hellstar Brainwashed Hoodie without Brain,$155.00,$260.00,,,,,,https://officialhellstar.com/wp-content/uploads/2024/08/Hellstar-Brainwashed-Hoodie-without-Brain.webp,https://officialhellstar.com/hellstar-brainwashed-hoodie-without-brain/,,Hellstar,Hoodie,In Stock,,officialhellstar.com
Hellstar Brainwashed Hoodie with Brain,$155.00,$260.00,,,,,,https://officialhellstar.com/wp-content/uploads/2024/08/Hellstar-Brainwashed-Hoodie-with-Brain.webp,https://officialhellstar.com/hellstar-brainwashed-hoodie-with-brain/,,Hellstar,Hoodie,In Stock,,officialhellstar.com

